Top pages,Clicks,Impressions,CTR,Position
https://duo.com/,260781,4625305,5.64%,13.34
https://duo.com/product/multi-factor-authentication-mfa/duo-mobile-app,142505,5068804,2.81%,10.28
https://duo.com/docs/administration,72688,755186,9.63%,30.41
https://duo.com/docs/rdp,54928,1525761,3.6%,47.55
https://duo.com/product/multi-factor-authentication-mfa/two-factor-authentication-2fa,44084,7008404,0.63%,7.08
https://duo.com/docs/duo-desktop,28391,356480,7.96%,29.55
https://duo.com/docs/authproxy-reference,23833,985135,2.42%,39.97
https://duo.com/docs/onelogin,22791,229208,9.94%,4.27
https://duo.com/demos/download-and-install-duo-desktop,18672,134221,13.91%,5.3
https://duo.com/support,17930,1178212,1.52%,12.41
https://duo.com/decipher/bluetooth-hacking-tools-comparison,16031,146651,10.93%,14.97
https://duo.com/editions-and-pricing,15924,1264496,1.26%,13.86
https://duo.com/blog/bypassing-googles-two-factor-authentication,13267,591378,2.24%,18.3
https://duo.com/product/multi-factor-authentication-mfa/authentication-methods/tokens-and-passcodes,12854,1123625,1.14%,7.62
https://duo.com/editions-and-pricing/duo-free,12437,2896353,0.43%,3.78
https://duo.com/docs/enrolling-users,11762,435462,2.7%,11.67
https://duo.com/docs/macos,11706,101225,11.56%,19.84
https://duo.com/product/multi-factor-authentication-mfa,11136,1665982,0.67%,10.3
https://duo.com/docs/sso,10825,731724,1.48%,36.17
https://duo.com/docs/administration-users,10380,575331,1.8%,24.5
https://duo.com/product/multi-factor-authentication-mfa/authentication-methods/duo-push,10342,1681396,0.62%,5.27
https://duo.com/docs/checksums,9348,393553,2.38%,11.52
https://duo.com/docs/azure-ca,9010,406264,2.22%,26.06
https://duo.com/docs/radius,7713,131381,5.87%,23.25
https://duo.com/docs/adminapi,7151,163388,4.38%,23.54
https://duo.com/docs/getting-started,6896,168529,4.09%,8.83
https://duo.com/docs/self-service-portal,6738,148595,4.53%,17.47
https://duo.com/docs/duounix,6625,168963,3.92%,46.13
https://duo.com/docs/yubikey,6605,107102,6.17%,26.72
https://duo.com/docs/sso-m365,6257,451174,1.39%,29.44
https://duo.com/docs/administration-admins,5961,378003,1.58%,14.4
https://duo.com/docs/adsync,5906,237705,2.48%,51.79
https://duo.com/docs/authapi,5792,85319,6.79%,22.34
https://duo.com/careers,5637,165625,3.4%,8.65
https://duo.com/docs/policy,5584,398356,1.4%,26.34
https://duo.com/docs/o365,5286,103464,5.11%,34.26
https://duo.com/partnerships/technology-partners/select-partners/cisco,5104,126157,4.05%,7.37
https://duo.com/docs/paloalto,4784,107563,4.45%,18.48
https://duo.com/docs/dng,4768,107761,4.42%,30.59
https://duo.com/docs/fortinet,4649,84161,5.52%,19.7
https://duo.com/docs/rdp-faq,4567,446345,1.02%,14.54
https://duo.com/docs/loginduo,4483,74297,6.03%,34.66
https://duo.com/docs/microsoft-eam,4358,52070,8.37%,25.93
https://duo.com/docs/sso-generic,4208,79179,5.31%,35.09
https://duo.com/docs,3907,673664,0.58%,35.33
https://duo.com/docs/duo-central,3604,47316,7.62%,11.24
https://duo.com/docs/cisco,3504,163418,2.14%,36.01
https://duo.com/ja-jp,3348,67574,4.95%,32.39
https://duo.com/blog/how-to-setup-duo-2fa-for-instagram,3341,68849,4.85%,15.26
https://duo.com/docs/sso-fortinet-fortigate,3225,254391,1.27%,11.9
https://duo.com/docs/owa,3117,197445,1.58%,23.76
https://duo.com/product/device-trust/logs-and-reports,3087,32042,9.63%,18.23
https://duo.com/docs/administration-devices,3033,84439,3.59%,16.72
https://duo.com/docs/device-management,2939,39678,7.41%,23.54
https://duo.com/docs/ldap,2916,40528,7.2%,20.06
https://duo.com/docs/trusted-endpoints,2847,71151,4%,65.03
https://duo.com/docs/passport,2813,9813,28.67%,17.21
https://duo.com/docs/ciscoise-radius,2685,73030,3.68%,24.25
https://duo.com/docs/winlogon-gpo,2613,246814,1.06%,11.77
https://duo.com/blog/duo-security-researchers-uncover-bypass-of-paypal-s-two-factor-authentication,2591,48588,5.33%,21.52
https://duo.com/about/contact,2529,126665,2%,23.72
https://duo.com/docs/passwordless,2518,75922,3.32%,32.97
https://duo.com/docs/duoweb,2484,69854,3.56%,46.36
https://duo.com/docs/meraki-radius,2472,50431,4.9%,19.63
https://duo.com/decipher/crowdstrike-windows-update-linked-to-azure-outage,2468,59529,4.15%,5.38
https://duo.com/docs/rdgateway,2462,57921,4.25%,23.57
https://duo.com/docs/administration-settings,2447,352264,0.69%,16.42
https://duo.com/docs/authproxy-notes,2447,32829,7.45%,23.41
https://duo.com/de,2303,73033,3.15%,5.28
https://duo.com/product/multi-factor-authentication-mfa/authentication-methods,2297,802513,0.29%,8.93
https://duo.com/docs/cisco-firepower,2213,80893,2.74%,27.85
https://duo.com/blog/instantly-restore-accounts-on-your-new-phone,2143,34234,6.26%,7.57
https://duo.com/product/remote-access/vpn-protection,2119,74820,2.83%,45.38
https://duo.com/docs/risk-based-auth,2055,46044,4.46%,32.05
https://duo.com/docs/dag,2049,30388,6.74%,14.92
https://duo.com/product/remote-access/vpn-protection/duo-for-cisco-anyconnect-vpn,2024,42716,4.74%,28.76
https://duo.com/editions-and-pricing/duo-essentials,2008,447437,0.45%,5.04
https://duo.com/docs/universal-prompt-update-guide,2008,108033,1.86%,40.03
https://duo.com/blog/webauthn-passwordless-fido2-explained-componens-passwordless-architecture,1941,94636,2.05%,20.12
https://duo.com/docs/sso-gsuite,1917,180798,1.06%,33.17
https://duo.com/de/duo-overview,1891,47136,4.01%,6.11
https://duo.com/docs/fortinet-radius-challenge,1860,62056,3%,25.57
https://duo.com/es/duo-overview,1833,182315,1.01%,8.2
https://duo.com/docs/openvpn,1807,76958,2.35%,44.41
https://duo.com/docs/adfs,1779,52691,3.38%,28.69
https://duo.com/about,1758,1399280,0.13%,4.36
https://duo.com/docs/telephony-credits,1733,19811,8.75%,24.64
https://duo.com/docs/azuresync,1650,77698,2.12%,30.55
https://duo.com/docs/protecting-applications,1635,60016,2.72%,27.55
https://duo.com/docs/sso-paloalto-globalprotect,1615,44488,3.63%,19.08
https://duo.com/docs/trusted-endpoints-intune,1569,41553,3.78%,36.3
https://duo.com/assets/pdf/Duo_End_User_Education_Communication_Templates_Japanese.docx,1568,23467,6.68%,7.57
https://duo.com/docs/vmwareview,1541,63691,2.42%,48.94
https://duo.com/partnerships/managed-service-providers,1525,65880,2.31%,51.68
https://duo.com/assets/pdf/Duo_End_User_Education_Communication_Templates_Spanish.docx,1516,34169,4.44%,8.06
https://duo.com/editions-and-pricing/duo-federal-editions,1466,30957,4.74%,17.7
https://duo.com/docs/rds,1462,83730,1.75%,38.77
https://duo.com/blog/verified-duo-push-makes-mfa-more-secure,1449,12515,11.58%,14.19
https://duo.com/product/single-sign-on-sso,1427,349547,0.41%,24.57
https://duo.com/docs/authproxy-faq,1407,25860,5.44%,11.42
https://duo.com/docs/directorysync,1393,27669,5.03%,21.15
https://duo.com/docs/admin-roles,1386,26131,5.3%,31.41
https://duo.com/docs/rdp-notes,1346,259107,0.52%,7.26
https://duo.com/docs/sso-oidc-generic,1335,29161,4.58%,42.56
https://duo.com/docs/sonicwallsra,1294,50173,2.58%,43.93
https://duo.com/product/remote-access/what-is-authenticator-app,1263,263238,0.48%,14.64
https://duo.com/docs/okta,1262,48912,2.58%,26.33
https://duo.com/blog/easily-enable-conditional-access-by-country-with-duo,1246,7636,16.32%,10.75
https://duo.com/docs/sso-ciscoasa,1243,245931,0.51%,10.17
https://duo.com/decipher/understanding-bluetooth-security,1221,35357,3.45%,21.06
https://duo.com/docs/citrix-netscaler,1200,35731,3.36%,29.73
https://duo.com/docs/f5bigip,1193,31164,3.83%,28.7
https://duo.com/docs/sso-snowflake,1185,25449,4.66%,17.34
https://duo.com/labs/tech-notes/the-yagi-uda-antenna-an-illustrated-primer,1182,125936,0.94%,9.74
https://duo.com/blog/what-are-passkeys,1156,13138,8.8%,32.98
https://duo.com/docs/dirsync-faq,1121,30433,3.68%,28.71
https://duo.com/product/remote-access/remote-access-integrations/microsoft-services-integration,1110,21603,5.14%,22.67
https://duo.com/resources/infographics/duo-s-hacker-history,1103,26553,4.15%,6.57
https://duo.com/docs/rdweb,1092,61225,1.78%,27.31
https://duo.com/labs/tech-notes/breaking-down-uuids,1075,165056,0.65%,12.1
https://duo.com/product/multi-factor-authentication-mfa/user-self-service,1039,1303467,0.08%,4.97
https://duo.com/fr-ca,1013,42429,2.39%,11.04
https://duo.com/docs/sso-ciscofirepower,1010,189625,0.53%,9.62
https://duo.com/product/remote-access,1009,256975,0.39%,38.01
https://duo.com/docs/citrix,1005,22929,4.38%,23.21
https://duo.com/assets/documents/Duo_End_User_Education_Communication_Templates_Chinese_Simplified.docx,1001,16485,6.07%,39.4
https://duo.com/blog/crxcavator,993,39507,2.51%,34.13
https://duo.com/decipher/critical-php-flaw-cve-2024-4577-patched,971,22758,4.27%,14.55
https://duo.com/docs/ciscoasa-radius,970,108180,0.9%,41.31
https://duo.com/blog/announcing-passwordless-authentication-for-windows-logon,966,14097,6.85%,15.8
https://duo.com/product/device-trust,952,60370,1.58%,35.68
https://duo.com/docs/sso-meraki,948,135362,0.7%,12.78
https://duo.com/decipher/privacy-security-concerns-mount-over-microsoft-recall-feature,921,47669,1.93%,17.22
https://duo.com/blog/duo-continues-to-enhance-partnership-with-microsoft-on-new-entra-id-external-authentication-methods,921,24870,3.7%,25.62
https://duo.com/docs/using-groups,920,21874,4.21%,23.04
https://duo.com/partnerships,883,30383,2.91%,19.69
https://duo.com/docs/1password,864,29945,2.89%,31.02
https://duo.com/docs/releasenotes,861,7702,11.18%,7.06
https://duo.com/blog/getting-back-to-work-just-got-easier-introducing-expired-password-resets-with-duo-single-sign-on,858,9268,9.26%,36.4
https://duo.com/docs/sso-aws,857,151408,0.57%,67
https://duo.com/docs/checkpoint,856,35601,2.4%,26.3
https://duo.com/trial,856,26884,3.18%,17.88
https://duo.com/blog/the-beer-drinkers-guide-to-saml,845,65444,1.29%,41.4
https://duo.com/docs/ciscoise-api,845,13055,6.47%,15.14
https://duo.com/docs/duo-desktop-notes,841,14657,5.74%,14.41
https://duo.com/docs/sso-salesforce,836,60618,1.38%,55.19
https://duo.com/docs/accountsapi,826,13842,5.97%,8.73
https://duo.com/docs/identity-security,801,6596,12.14%,18.73
https://duo.com/docs/duo-federal-guide,775,20900,3.71%,43.54
https://duo.com/support/duo-care,772,102285,0.75%,8.64
https://duo.com/docs/trusted-endpoints-google-verified,767,23159,3.31%,20.55
https://duo.com/docs/rras,757,25370,2.98%,20.61
https://duo.com/docs/oauthapi,755,14296,5.28%,19.11
https://duo.com/docs/epic,748,23314,3.21%,21.58
https://duo.com/blog/how-to-evaluate-the-true-costs-of-mfa,730,15435,4.73%,15.51
https://duo.com/decipher/researchers-warn-of-widespread-polyfill-supply-chain-attack,724,21424,3.38%,19.6
https://duo.com/support/security-and-reliability/compliance,710,17602,4.03%,44.63
https://duo.com/docs/trust-monitor,709,16202,4.38%,40.41
https://duo.com/partnerships/technology-partners/select-partners/vmware,706,5108,13.82%,8.74
https://duo.com/docs/radius-duo-only,704,13437,5.24%,10.3
https://duo.com/blog/introducing-cloudmapper-an-aws-visualization-tool,702,13901,5.05%,16.9
https://duo.com/docs/awsworkspaces,698,44725,1.56%,50.13
https://duo.com/product/device-trust/device-health,684,14609,4.68%,18.35
https://duo.com/solutions/passwordless,681,127387,0.53%,21.06
https://duo.com/docs/ciscoasa-ldap,681,31499,2.16%,32.94
https://duo.com/docs/sso-fortigate-admin,680,25783,2.64%,12.6
https://duo.com/blog/announcing-identity-intelligence-with-duo,672,11890,5.65%,23.75
https://duo.com/docs/wordpress,653,41062,1.59%,38.15
https://duo.com/docs/advantage-overview,650,8615,7.54%,12.48
https://duo.com/blog/mfa-fatigue-what-is-it-how-to-respond,647,35694,1.81%,15.02
https://duo.com/docs/splunkapp,644,10047,6.41%,31.6
https://duo.com/blog/the-great-dns-vulnerability-of-2008-by-dan-kaminsky,640,12947,4.94%,33.52
https://duo.com/product/multi-factor-authentication-mfa/authentication-methods/biometrics-and-security-keys,629,32903,1.91%,38
https://duo.com/docs/essentials-overview,627,7193,8.72%,8.5
https://duo.com/docs/workday,623,22854,2.73%,17.37
https://duo.com/docs/lastpass,618,55405,1.12%,38.19
https://duo.com/editions-and-pricing/duo-advantage,612,154076,0.4%,5.1
https://duo.com/decipher/are-you-your-phone-number-identity-in-mobile-apps,610,26622,2.29%,10.63
https://duo.com/docs/sso-oauth-client-credentials,610,8189,7.45%,37.93
https://duo.com/blog/secure-access-to-your-google-chrome-enterprise-with-duo,604,8094,7.46%,32.03
https://duo.com/docs/netmotion,592,13199,4.49%,18.64
https://duo.com/product/passport,588,301054,0.2%,6.63
https://duo.com/docs/netscaler-radius,586,22112,2.65%,48.43
https://duo.com/solutions/zero-trust-security,585,333191,0.18%,55.19
https://duo.com/labs/tech-notes/noise-protocol-framework-intro,584,13566,4.3%,9.86
https://duo.com/docs/dag-windows,579,65071,0.89%,48.1
https://duo.com/docs/netscaler,567,34598,1.64%,52.89
https://duo.com/decipher/microsoft-will-no-longer-recommend-forcing-periodic-password-changes,567,24373,2.33%,29.14
https://duo.com/decipher/cisa-warns-of-phishing-attempts-during-crowdstrike-microsoft-outage-chaos,562,13988,4.02%,19.14
https://duo.com/docs/sophos-utm,543,16839,3.22%,28.68
https://duo.com/product/single-sign-on-sso/single-sign-on-sso-integrations,528,19224,2.75%,24.59
https://duo.com/editions-and-pricing/duo-premier,523,151420,0.35%,5.49
https://duo.com/blog/how-to-block-access-by-country,518,2933,17.66%,8.79
https://duo.com/docs/duo-desktop-faq,516,13043,3.96%,10.99
https://duo.com/docs/sso-citrix-workspace,514,10903,4.71%,25.74
https://duo.com/decipher/new-openssh-cve-2024-6409-flaw-emerges,510,14250,3.58%,14.41
https://duo.com/decipher/the-latest-phishing-attacks-target-gmail-microsoft-word-and-android-apps,506,8647,5.85%,19.2
https://duo.com/docs/dag-gapps,503,26647,1.89%,55.71
https://duo.com/docs/rds-faq,499,23757,2.1%,34.34
https://duo.com/partnerships/technology-partners/select-partners/google,498,106943,0.47%,14.36
https://duo.com/docs/rdw-rdg,498,26076,1.91%,27.21
https://duo.com/blog/duo-log-sync-sending-your-duo-logs-to-your-siem,484,2473,19.57%,11.13
https://duo.com/themarvels,481,4674,10.29%,14.26
https://duo.com/docs/duounix-faq,472,20085,2.35%,7.38
https://duo.com/support/security-and-reliability,470,56278,0.84%,8.2
https://duo.com/decipher/threat-actors-target-microsoft-sql-servers-to-deliver-mimic-ransomware,467,3763,12.41%,20.81
https://duo.com/solutions/phishing-prevention,465,53234,0.87%,58.41
https://duo.com/docs/sso-bitwarden,460,14800,3.11%,23.33
https://duo.com/blog/understanding-defending-against-adversary-in-the-middle-aitm-attacks,459,17142,2.68%,13.99
https://duo.com/resources/webinars/cisco-duo-live-demo,451,6787,6.65%,24.29
https://duo.com/docs/trusted-endpoints-manual,448,14465,3.1%,10.9
https://duo.com/docs/sso-workday,438,28280,1.55%,22.21
https://duo.com/docs/sso-meraki-secure-client,438,17329,2.53%,25.54
https://duo.com/docs/sso-sentinelone,437,12268,3.56%,15.55
https://duo.com/blog/weak-cipher-tls-1-0-1-1-deprecation-with-duo-mfa,436,16003,2.72%,15.63
https://duo.com/docs/premier-overview,436,7171,6.08%,14.04
https://duo.com/solutions/higher-ed,433,20563,2.11%,35.59
https://duo.com/decipher/citrix-warns-of-critical-netscaler-console-flaw,433,14277,3.03%,20.11
https://duo.com/docs/authapi-guide,427,8130,5.25%,18.78
https://duo.com/blog/web-authentication-what-it-is-and-what-it-means-for-passwords,425,58538,0.73%,19.27
https://duo.com/docs/cyberark,421,11352,3.71%,22.41
https://duo.com/decipher/criminals-find-a-way-to-clone-emv-cards,420,23587,1.78%,27.75
https://duo.com/blog/how-to-setup-duo-2fa-for-twitter,420,6253,6.72%,35.43
https://duo.com/blog,419,274493,0.15%,6.84
https://duo.com/docs/duoweb-v2,415,11261,3.69%,17.09
https://duo.com/assets/pdf/Duo_End_User_Education_Communication_Templates.docx,413,4218,9.79%,10.68
https://duo.com/docs/sso-github-enterprise,412,16991,2.42%,32.9
https://duo.com/careers/duo-internships,407,11278,3.61%,12.79
https://duo.com/docs/dag-canvas,401,4950,8.1%,18.6
https://duo.com/docs/adfs-faq,398,12134,3.28%,19.7
https://duo.com/blog/the-students-guide-to-two-factor-authentication-2fa,392,9273,4.23%,9.48
https://duo.com/blog/how-to-add-two-factor-authentication-to-your-amazon-account-with-duo-mobile,383,16438,2.33%,44.49
https://duo.com/docs/owa-faq,376,10852,3.46%,24.27
https://duo.com/product,372,332835,0.11%,5.18
https://duo.com/docs/splunk,371,11643,3.19%,28.35
https://duo.com/docs/sso-netscaler,363,8913,4.07%,24.2
https://duo.com/resources/glossary/what-is-identity-security,361,45572,0.79%,23.77
https://duo.com/decipher/apple-patches-webkit-zero-day-adds-stolen-device-protection-in-ios,358,13859,2.58%,16.07
https://duo.com/docs/importing-users,358,7687,4.66%,33.36
https://duo.com/docs/sso-ciscoise,350,17534,2%,22.94
https://duo.com/decipher/google-makes-dns-over-https-default-in-chrome,346,25876,1.34%,17.29
https://duo.com/decipher/mandiant-165-snowflake-customers-potentially-exposed-in-wider-campaign,344,38167,0.9%,10.02
https://duo.com/docs/sso-citrix-netscaler,341,7025,4.85%,21.18
https://duo.com/blog/why-radius-is-still-important,339,25458,1.33%,22.45
https://duo.com/decipher,335,164581,0.2%,11.78
https://duo.com/product/cisco-identity-intelligence,331,8616,3.84%,18.27
https://duo.com/assets/documents/Duo_End_User_Education_Communication_Templates_Polish.docx,331,5674,5.83%,7.69
https://duo.com/labs/tech-notes/byod-android-mdm,329,26440,1.24%,14.15
https://duo.com/decipher/new-eldorado-ransomware-group-targets-windows-linux-systems,325,7301,4.45%,27.57
https://duo.com/blog/going-passwordless-with-py-webauthn,324,5509,5.88%,20.41
https://duo.com/docs/netscaler-web,323,3221,10.03%,23.61
https://duo.com/docs/sso-oidc-redhat-keycloak,321,5727,5.61%,30.8
https://duo.com/resources/events,318,10270,3.1%,32.7
https://duo.com/docs/sso-aws-cli,311,51658,0.6%,41.01
https://duo.com/docs/dag-linux,305,28348,1.08%,11.57
https://duo.com/docs/sonicwallsra-alt,304,16571,1.83%,42.08
https://duo.com/product/remote-access/remote-access-integrations,300,18859,1.59%,50.8
https://duo.com/blog/duo-single-sign-on-now-supports-multiple-active-directory-forests,299,3514,8.51%,34.67
https://duo.com/docs/sso-concur,297,13246,2.24%,26.15
https://duo.com/docs/cisco-faq,295,39029,0.76%,12.27
https://duo.com/decipher/google-enables-app-bound-encryption-in-chrome,295,10152,2.91%,18.1
https://duo.com/partnerships/technology-partners/select-partners,291,12200,2.39%,24.93
https://duo.com/blog/modernizing-secure-remote-access-vpn-less-future-hybrid-work,291,8045,3.62%,31.41
https://duo.com/docs/endpoints,285,6313,4.51%,34.69
https://duo.com/docs/sso-slack,282,21250,1.33%,33.49
https://duo.com/blog/how-public-safety-and-justice-departments-can-easily-comply-with-cjis-security-policy,281,8657,3.25%,32.76
https://duo.com/blog/how-to-customize-duo-and-deliver-an-on-brand-access-experience,280,6764,4.14%,20.47
https://duo.com/docs/dag-paloalto,279,9262,3.01%,14.38
https://duo.com/solutions/k-12,278,26119,1.06%,34.53
https://duo.com/docs/sso-cloudflare-access,276,22966,1.2%,35.46
https://duo.com/support/duo-quick-start,265,74019,0.36%,7.98
https://duo.com/docs/trusted-endpoints-duo-mobile,264,16760,1.58%,9.35
https://duo.com/docs/oam,260,12930,2.01%,27.43
https://duo.com/docs/eos-eol-policy,254,2123,11.96%,20.26
https://duo.com/product/remote-access/duo-and-umbrella,251,7172,3.5%,20.29
https://duo.com/docs/sso-zoom,250,16164,1.55%,24.74
https://duo.com/docs/sso-manageengine-password-manager-pro,249,13399,1.86%,44.49
https://duo.com/decipher/sha-1-fully-and-practically-broken-by-new-collision,249,8044,3.1%,19.84
https://duo.com/resources/news-and-press/releases/duo-security-lastpass-partner-to-add-enterprise-two-factor-authentication-for-password-management,248,4524,5.48%,59.89
https://duo.com/decipher/new-version-of-beavertail-macos-malware-identified,247,5775,4.28%,29.05
https://duo.com/decipher/home-depot-settles-with-states-over-2014-data-breach,245,10599,2.31%,16.22
https://duo.com/partnerships/technology-partners/select-partners/sophos,245,5685,4.31%,37.22
https://duo.com/resources/news-and-press/releases/duo-security-completes-soc-2-audit-ensures-customer-security-and-privacy,244,1038,23.51%,10.05
https://duo.com/assets/documents/Duo_End_User_Education_Communication_Templates_Italian.docx,243,5746,4.23%,9.27
https://duo.com/support/duo-enhanced-care,241,80888,0.3%,6.5
https://duo.com/docs/sso-connectwise-screenconnect,241,16434,1.47%,34.59
https://duo.com/decipher/teamviewer-cyberattack-stemmed-from-compromised-credentials,240,47360,0.51%,14.14
https://duo.com/docs/adfs-2x,239,7013,3.41%,24.34
https://duo.com/docs/sso-webex,238,43042,0.55%,46.32
https://duo.com/solutions/risk-based-authentication,238,18038,1.32%,23.1
https://duo.com/solutions/healthcare/duo-for-epic-ehr,238,15928,1.49%,36.65
https://duo.com/docs/ldapsync,238,8874,2.68%,27.29
https://duo.com/solutions/customer-stories,236,15164,1.56%,46.41
https://duo.com/docs/trusted-endpoints-cisco-amp,235,39558,0.59%,42.69
https://duo.com/product/adaptive-access-policies/user-access-policies,234,7209,3.25%,19.57
https://duo.com/blog/what-is-webauthn,234,5108,4.58%,45.3
https://duo.com/docs/sso-nutanix,233,3224,7.23%,15.46
https://duo.com/docs/sso-atlassian-cloud,232,41498,0.56%,28.26
https://duo.com/solutions/customer-stories/methodist-health-system,232,3356,6.91%,23.44
https://duo.com/docs/shibboleth,229,30479,0.75%,16.75
https://duo.com/docs/pulseconnect,229,27235,0.84%,46.14
https://duo.com/decipher/exploit-code-available-for-critical-ivanti-vtm-bug,229,3920,5.84%,29.71
https://duo.com/blog/blocking-authentication-attempts-from-anonymous-networks,229,2351,9.74%,17.68
https://duo.com/blog/default-passwords-breaching-atms-highway-signs-and-pos-devices,228,6231,3.66%,13.09
https://duo.com/docs/peoplesoft,227,9643,2.35%,30.9
https://duo.com/resources/news-and-press/releases/cisco-completes-acquisition-of-duo-security,223,12571,1.77%,13.46
https://duo.com/product/adaptive-access-policies,222,33835,0.66%,42.8
https://duo.com/labs/tech-notes/whats-an-eddsa,222,17592,1.26%,8.22
https://duo.com/blog/totp-vs-hotp,222,12205,1.82%,16.52
https://duo.com/solutions/healthcare,221,21197,1.04%,30.65
https://duo.com/docs/trusted-endpoints-jamf,221,18084,1.22%,17.16
https://duo.com/labs,221,5100,4.33%,29.35
https://duo.com/docs/f5bigip-web,219,9336,2.35%,28.75
https://duo.com/labs/tech-notes/writing-an-xdp-network-filter-with-ebpf,219,7432,2.95%,23.34
https://duo.com/decipher/after-backlash-microsoft-recall-will-be-disabled-by-default,218,17626,1.24%,17.59
https://duo.com/docs/sso-ivanti-connect-secure,217,7188,3.02%,19.74
https://duo.com/docs/trusted-endpoints-adds,216,14289,1.51%,36.95
https://duo.com/docs/citrix-netscaler-nfactor,214,6585,3.25%,27.87
https://duo.com/decipher/bug-in-crowdstrike-falcon-allows-removal-of-security-agent,213,12901,1.65%,27.57
https://duo.com/docs/insight,213,4723,4.51%,15.27
https://duo.com/blog/understanding-pci-dss-4-requirements,212,17423,1.22%,36.46
https://duo.com/blog/jailbreak-detector-detector,209,18439,1.13%,38.21
https://duo.com/decipher/north-korean-threat-actor-deploys-new-custom-ransomware,207,7228,2.86%,21.18
https://duo.com/docs/sso-oidc-1password,206,38210,0.54%,26.48
https://duo.com/partnerships/managed-service-providers/become-a-partner,205,10537,1.95%,23.28
https://duo.com/partnerships/technology-partners/ready-partners,204,16829,1.21%,30.95
https://duo.com/docs/sso-aws-client-vpn,203,27414,0.74%,41.49
https://duo.com/resources/ebooks/the-multi-factor-authentication-evaluation-guide,202,1585488,0.01%,4.62
https://duo.com/solutions/continuous-identity-security,202,12843,1.57%,39.16
https://duo.com/blog/best-practices-for-enrolling-users-in-mfa,201,7464,2.69%,23.08
https://duo.com/docs/sso-auth0,200,26468,0.76%,43.32
https://duo.com/solutions/customer-stories/university-of-british-columbia,200,11668,1.71%,6.89
https://duo.com/labs/psa,200,2474,8.08%,12.46
https://duo.com/docs/sso-beyondtrust,197,8382,2.35%,27.3
https://duo.com/labs/research/apple-t2-xpc,197,6592,2.99%,24.22
https://duo.com/assets/documents/Duo_End_User_Education_Communication_Templates_Thai.docx,197,2489,7.91%,5.36
https://duo.com/docs/ciscoasa-radius-challenge,196,5081,3.86%,16.37
https://duo.com/docs/aws-directory-service,195,20282,0.96%,53.95
https://duo.com/docs/pulseconnect-radius-challenge,194,5807,3.34%,10.38
https://duo.com/docs/netscaler-nfactor,191,5320,3.59%,29.32
https://duo.com/docs/deploying-a-proof-of-concept,191,1861,10.26%,6.71
https://duo.com/blog/turning-microsoft-mfa-requirement-for-azure-into-epic-security-win-with-duo,189,12706,1.49%,43.4
https://duo.com/decipher/terms-and-conditions,188,828,22.71%,4.83
https://duo.com/solutions/access-management,187,34261,0.55%,45.28
https://duo.com/product/multi-factor-authentication-mfa/what-is-mfa,186,523667,0.04%,13.4
https://duo.com/decipher/attackers-are-getting-faster-at-exploiting-flaws,186,14111,1.32%,50.59
https://duo.com/docs/sso-manageengine-adselfservice-plus,186,12219,1.52%,25.66
https://duo.com/blog/upgrade-to-universal-prompt-for-better-protection-user-experience,184,1238,14.86%,12.78
https://duo.com/blog/reversing-objective-c-binaries-with-the-reobjc-module-for-ida-pro,183,34602,0.53%,15.41
https://duo.com/docs/deviceapi,181,5429,3.33%,18.5
https://duo.com/docs/dng-notes,179,7467,2.4%,18.15
https://duo.com/blog/how-to-make-multi-factor-authentication-even-more-secure,178,1955,9.1%,17.84
https://duo.com/blog/10-basic-information-security-practices,177,18308,0.97%,27.71
https://duo.com/decipher/qilin-ransomware-attack-targets-credentials-stored-in-chrome,177,6481,2.73%,31.8
https://duo.com/decipher/synnovis-ransomware-attack-disrupts-healthcare-services,176,8246,2.13%,29
https://duo.com/decipher/chainalysis-ransomware-payment-sizes-spiking-in-2024,176,5296,3.32%,19.86
https://duo.com/docs/sso-servicenow,175,6610,2.65%,32.76
https://duo.com/decipher/chrome-and-firefox-removing-ev-certificate-indicators,174,8334,2.09%,68.85
https://duo.com/blog/steps-to-prevent-compromised-credentials,173,11278,1.53%,25.01
https://duo.com/why-duo/next-level-mfa,173,8291,2.09%,45.58
https://duo.com/docs/sso-oidc-epic-mobile-apps,173,8193,2.11%,29.95
https://duo.com/docs/netscaler-faq,173,5623,3.08%,20.39
https://duo.com/docs/sso-absolute-secure-access,172,13329,1.29%,11.4
https://duo.com/docs/sso-ninjaone,172,7564,2.27%,26.62
https://duo.com/decipher/google-fixes-zero-day-chrome-flaw-in-v8,170,8619,1.97%,22.75
https://duo.com/decipher/apt41-seen-in-data-exfiltration-attacks,170,5877,2.89%,13.24
https://duo.com/assets/documents/Duo_End_User_Education_Communication_Templates_Vietnamese.docx,170,2949,5.76%,7.94
https://duo.com/docs/sso-box,167,11964,1.4%,19.21
https://duo.com/blog/remote-overlay-toolkit-bypasses-otp-two-factor-authentication,166,2686,6.18%,17.69
https://duo.com/docs/sso-oidc-aws-cognito,164,21266,0.77%,39.86
https://duo.com/blog/duo-single-sign-on-bridge-attributes,164,1513,10.84%,11.56
https://duo.com/docs/openvpn-as,163,11001,1.48%,45.7
https://duo.com/docs/sso-gitlab-self-managed,163,10474,1.56%,23.19
https://duo.com/docs/barracuda,160,10380,1.54%,23.6
https://duo.com/docs/trusted-endpoints-workspaceone,159,11877,1.34%,36.99
https://duo.com/docs/citrix-netscaler-alt,159,4869,3.27%,17.7
https://duo.com/decipher/article_author/lodonnellwelch,159,2046,7.77%,10.04
https://duo.com/docs/sso-cisco-email-security,158,17364,0.91%,29.12
https://duo.com/blog/offline-multi-factor-authentication-for-windows-is-now-available,157,4452,3.53%,14.05
https://duo.com/docs/sso-umbrella,155,21839,0.71%,25.3
https://duo.com/docs/sso-autodesk,154,27542,0.56%,10.54
https://duo.com/docs/pingfederate,154,18164,0.85%,24.14
https://duo.com/decipher/snowflake-customer-accounts-targeted-in-identity-based-attacks,153,16999,0.9%,14.28
https://duo.com/support/security-and-reliability/security-response,152,64514,0.24%,7.89
https://duo.com/docs/sso-amazon-workspaces,152,10541,1.44%,44.01
https://duo.com/blog/two-factor-authentication-the-basics,150,6312,2.38%,19.26
https://duo.com/blog/flash-vulnerabilities-and-exploits-an-information-security-primer,149,8982,1.66%,37.84
https://duo.com/resources/ebooks/2024-duo-trusted-access-report,149,4747,3.14%,15.95
https://duo.com/docs/sso-it-glue,148,9915,1.49%,25.25
https://duo.com/docs/citrix-netscaler-faq,147,6254,2.35%,24.52
https://duo.com/smb-trial,146,3329,4.39%,9.12
https://duo.com/docs/trusted-endpoints-generic-duo-desktop,146,3263,4.47%,17.95
https://duo.com/blog/introducing-continuous-identity-security,145,8100,1.79%,29.53
https://duo.com/blog/the-problem-with-one-time-passcodes,145,6846,2.12%,20.58
https://duo.com/blog/get-most-from-duo-your-siem,145,2521,5.75%,22.78
https://duo.com/resources/glossary/universal-2nd-factor-u2f,144,24054,0.6%,14.72
https://duo.com/blog/no-code-way-connect-on-premises-legacy-applications-to-duo,144,4648,3.1%,27.71
https://duo.com/docs/sso-bamboohr,143,114675,0.12%,10.75
https://duo.com/docs/juniper,143,13178,1.09%,28.8
https://duo.com/resources/ebooks/5-reasons-to-protect-your-vpn-with-mfa,143,12971,1.1%,19.48
https://duo.com/docs/sso-paloalto-prisma,143,9222,1.55%,12.83
https://duo.com/partnerships/technology-partners/select-partners/amazon-web-services,143,8842,1.62%,36.1
https://duo.com/docs/cas,143,8210,1.74%,30.15
https://duo.com/blog/adopting-oidc-standard-for-mfa,143,2460,5.81%,10.15
https://duo.com/decipher/fortinet-warns-of-zero-day-in-fortios,142,12608,1.13%,18.26
https://duo.com/docs/administrative-units,141,11174,1.26%,11.3
https://duo.com/blog/badge-integration-with-cisco-duo-delivers-hardwareless-mfa-experience,141,4290,3.29%,32.29
https://duo.com/resources/news-and-press,141,2996,4.71%,18
https://duo.com/decipher/lockbit-ransomware-variant-targets-vmware-esxi,140,1669,8.39%,29.67
https://duo.com/blog/announcing-ga-smb-support-for-duo-network-gateway,139,5475,2.54%,32.75
https://duo.com/docs/trusted-endpoints-meraki,137,49731,0.28%,32.11
https://duo.com/decipher/imunify360-flaw-can-lead-to-code-execution,137,7236,1.89%,35.29
https://duo.com/blog/introducing-x-ray-2-0-vulnerability-detection-for-android-devices,136,9497,1.43%,16.94
https://duo.com/decipher/the-far-reaching-impacts-of-the-change-healthcare-attack,136,7358,1.85%,16.76
https://duo.com/decipher/crowdstrike-windows-update-linked-to-global-outages,135,19358,0.7%,32.22
https://duo.com/docs/cisco-ipsec,134,39765,0.34%,13.96
https://duo.com/decipher/fbi-details-apt28-attacks-on-ubiquiti-edgerouters,134,3935,3.41%,33.23
https://duo.com/docs/netscaler-nfactor-radius-iframe,134,1989,6.74%,26.9
https://duo.com/docs/dng-scripted-config,133,4127,3.22%,9.3
https://duo.com/blog/what-really-happened-in-the-opm-breach,132,5931,2.23%,21.64
https://duo.com/decipher/attackers-are-signing-malware-with-valid-certificates,132,2484,5.31%,34.09
https://duo.com/docs/trusted-endpoints-chrome-device-trust-connector,130,6071,2.14%,32.53
https://duo.com/blog/a-security-audit-of-third-party-aws-s3-tools,129,14419,0.89%,31.88
https://duo.com/docs/wordpress-faq,129,13955,0.92%,53.8
https://duo.com/docs/dag-ciscoasa,129,9922,1.3%,50.38
https://duo.com/blog/strengths-weaknesses-of-mfa-methods-against-cyberattacks-part-1,129,4796,2.69%,31.77
https://duo.com/product/adaptive-access-policies/device-access-policies,128,4980,2.57%,25.15
https://duo.com/docs/sso-endpoint-central,127,13621,0.93%,14.6
https://duo.com/docs/vmwareview-alt,125,14964,0.84%,69.64
https://duo.com/resources/glossary/payment-card-industry-data-security-standard-pci-dss,124,7696,1.61%,75.18
https://duo.com/decipher/heat-kelso-and-the-hacker-mindset,124,5481,2.26%,22.22
https://duo.com/blog/duo-security-integrates-with-epic-to-secure-e-prescriptions-for-health-it,124,4127,3%,22.33
https://duo.com/decipher/cisa-ransomhub-ransomware-has-hit-210-victims,123,12203,1.01%,14.45
https://duo.com/resources,122,3662,3.33%,33.26
https://duo.com/blog/windows-logon-will-you-remember-me,122,2290,5.33%,18.44
https://duo.com/top250gawker.txt,121,4253,2.85%,15.91
https://duo.com/docs/sso-splunk,120,8129,1.48%,24.96
https://duo.com/product/device-trust/trusted-endpoints,120,5221,2.3%,9.85
https://duo.com/docs/thycotic,119,7346,1.62%,38.13
https://duo.com/docs/sso-cyberark,119,6528,1.82%,20.54
https://duo.com/decipher/how-security-flaws-became-a-national-resource-in-china,119,2015,5.91%,13.58
https://duo.com/solutions,118,16389,0.72%,13.94
https://duo.com/docs/sonicwallsra-radius-challenge,118,9302,1.27%,21.8
https://duo.com/decipher/researchers-detail-bucket-monopoly-aws-flaws,118,4519,2.61%,53.47
https://duo.com/decipher/gartner-warns-ceos-will-be-personally-liable-for-breaches-by-2024,118,2441,4.83%,21.08
https://duo.com/decipher/article_author/dfisher,117,34671,0.34%,10.99
https://duo.com/blog/dive-in-with-duo-passport-secure-seamless-future,117,3523,3.32%,18.1
https://duo.com/docs/accessibility,117,1261,9.28%,17.81
https://duo.com/why-duo,116,1533552,0.01%,4.95
https://duo.com/support/free-trial-onboarding-guide,115,74868,0.15%,12.12
https://duo.com/docs/sso-pagerduty,115,23943,0.48%,11.7
https://duo.com/decipher/wyden-sec-ftc-should-investigate-unitedhealth-s-negligent-security-practices,115,4239,2.71%,20.5
https://duo.com/docs/ivanti-radius,113,7062,1.6%,19.66
https://duo.com/blog/feitian-duo-integration-supports-the-broadest-range-of-mfa-options,112,2026,5.53%,32.48
https://duo.com/docs/sso-keeper-security,111,12755,0.87%,31.68
https://duo.com/product/adaptive-access-policies/application-access-policies,111,11321,0.98%,32.13
https://duo.com/blog/the-2021-state-of-the-auth-report-2fa-climbs-password-managers-biometrics-trend,111,4513,2.46%,27.38
https://duo.com/blog/duo-adds-support-for-oauth-2-0-client-credentials,111,2069,5.36%,24.68
https://duo.com/docs/sso-manageengine-servicedesk-plus,110,14162,0.78%,32.23
https://duo.com/product/device-trust/device-visibility,109,8527,1.28%,28.08
https://duo.com/docs/jira,108,13593,0.79%,47.79
https://duo.com/blog/cisco-duo-announces-agentless-native-integration-with-google-chrome-enterprise,108,12372,0.87%,27.15
https://duo.com/decipher/researchers-warn-of-potential-abuse-of-azure-service-tags,108,4544,2.38%,31.25
https://duo.com/resources/ebooks,107,17500,0.61%,51.98
https://duo.com/blog/two-factor-authentication-for-bank-wire-transfers,107,6090,1.76%,22.2
https://duo.com/blog/spot-difference-between-suspicious-legitimate-authentications-duo-trust-monitor,107,2981,3.59%,17.8
https://duo.com/partnerships/technology-partners/select-partners/f5,106,8137,1.3%,40.96
https://duo.com/docs/juniper-alt,105,9189,1.14%,31.73
https://duo.com/docs/dag-meraki,103,12011,0.86%,57.99
https://duo.com/decipher/unique-social-engineering-attack-used-to-deliver-infostealers,103,4772,2.16%,22.83
https://duo.com/demos,102,31944,0.32%,12.74
https://duo.com/docs/macos-notes,102,9588,1.06%,37.32
https://duo.com/docs/sso-tenable,102,6431,1.59%,18.13
https://duo.com/docs/dag-o365,101,17803,0.57%,48.19
https://duo.com/docs/owa-notes,101,6573,1.54%,38.26
https://duo.com/decipher/a-decade-of-sandworm-digging-into-apt44-s-past-and-future,101,4898,2.06%,9.92
https://duo.com/decipher/attackers-abuse-cloudflare-tunnels-to-deliver-xworm-malware,101,4713,2.14%,25.36
https://duo.com/decipher/w3ll-threat-actor-built-a-microsoft-365-phishing-ecosystem,101,3966,2.55%,19.95
https://duo.com/resources/glossary,100,13189,0.76%,54.7
https://duo.com/docs/sso-elastic,100,7356,1.36%,20.08
https://duo.com/docs/delinea-secret-server,99,10007,0.99%,34.05
https://duo.com/blog/how-to-simplify-zero-trust-access-policy,99,6464,1.53%,41.14
https://duo.com/docs/dag-cyberark,99,2346,4.22%,20.21
https://duo.com/docs/sso-workplace-from-meta,98,7630,1.28%,38.6
https://duo.com/blog/what-are-ispm-itdr,97,11234,0.86%,50.21
https://duo.com/resources/webinars/how-to-prevent-attacks-that-bypass-mfa,97,10790,0.9%,59.95
https://duo.com/legal/cisco-online-privacy-statement,96,39533,0.24%,53.24
https://duo.com/partnerships/technology-partners/select-partners/palo-alto-networks,96,10841,0.89%,25.7
https://duo.com/decipher/mirai-based-botnet-infects-vulnerable-surveillance-cameras,96,9776,0.98%,58.25
https://duo.com/docs/sso-cisco-security-cloud-sign-on,96,8460,1.13%,24.43
https://duo.com/decipher/attackers-use-crowdstrike-incident-as-a-lure-as-recovery-efforts-continue,96,2773,3.46%,24.22
https://duo.com/decipher/thousands-of-fortigate-devices-compromised-in-ongoing-campaign,95,7971,1.19%,20.07
https://duo.com/blog/strengths-weaknesses-of-mfa-methods-against-cyberattacks-part-2,95,4912,1.93%,23.05
https://duo.com/blog/introducing-cloudtracker-an-aws-cloudtrail-log-analyzer,95,3817,2.49%,48.48
https://duo.com/docs/securex,94,17801,0.53%,26.36
https://duo.com/docs/sso-amazon-appstream-2,94,15614,0.6%,23.86
https://duo.com/docs/cyberark-web,94,12977,0.72%,30.53
https://duo.com/docs/bomgar,94,10818,0.87%,27.25
https://duo.com/decipher/kimsuky-apt-using-newly-discovered-gomir-linux-backdoor,94,3582,2.62%,19.47
https://duo.com/decipher/ransomware-groups-exploit-vmware-esxi-flaw,93,6515,1.43%,46.95
https://duo.com/docs/epic-faq,93,5615,1.66%,23.06
https://duo.com/decipher/microsoft-exposes-phishing-campaign-that-stole-session-cookies-to-bypass-mfa,93,2402,3.87%,18.42
https://duo.com/blog/how-to-secure-your-amazon-account-with-duo-2fa,92,10750,0.86%,39.36
https://duo.com/docs/dag-adobe-documentcloud,92,6190,1.49%,44.22
https://duo.com/docs/sso-smartsheet,91,6497,1.4%,26.78
https://duo.com/docs/trusted-endpoints-mobileiron-core,89,12933,0.69%,46.68
https://duo.com/docs/sso-dropbox,89,11032,0.81%,43.54
https://duo.com/docs/sso-hubspot,89,9683,0.92%,24.41
https://duo.com/docs/sso-trend-vision-one,89,7879,1.13%,13.84
https://duo.com/decipher/traditional-is-best-when-converting-stolen-money-to-clean-cash,89,7709,1.15%,17.97
https://duo.com/docs/sso-docusign,89,5801,1.53%,35.34
https://duo.com/docs/rds-notes,89,4893,1.82%,35.23
https://duo.com/docs/sso-veeam-backup-enterprise-manager,89,4690,1.9%,36.81
https://duo.com/decipher/chinese-apt-exploits-versa-networks-zero-day-flaw,89,4534,1.96%,30.37
https://duo.com/blog/healthy-device-check-with-the-duo-device-health-app-before-granting-access,89,3725,2.39%,28.2
https://duo.com/docs/ciscoasa-radius-duo-only,89,3513,2.53%,18.53
https://duo.com/decipher/scattered-spider-group-eyes-saas-platforms-for-data-exfiltration,89,3301,2.7%,42.6
https://duo.com/docs/sso-okta,89,2593,3.43%,18.59
https://duo.com/assets/documents/Duo_End_User_Education_Communication_Templates_Swedish.docx,89,2031,4.38%,20.89
https://duo.com/docs/trusted-endpoints-mobileiron-cloud,88,53597,0.16%,84.02
https://duo.com/docs/sso-gitlab-saas,88,8573,1.03%,23.85
https://duo.com/solutions/customer-stories/city-and-county-of-denver,88,3758,2.34%,9.99
https://duo.com/about-cisco-security,87,21390,0.41%,36.33
https://duo.com/labs/tech-notes/message-passing-and-security-considerations-in-chrome-extensions,87,11073,0.79%,21.15
https://duo.com/docs/pulseconnect-alt,87,6388,1.36%,33.28
https://duo.com/decipher/capital-one-breach-highlights-challenges-of-insider-threats,87,2767,3.14%,44.01
https://duo.com/decipher/microsoft-azure-outage-stemmed-from-ddos-defense-error,86,13926,0.62%,30.46
https://duo.com/docs/sso-manageengine-admanager-plus,86,12422,0.69%,30.08
https://duo.com/decipher/outdated-windows-driver-used-in-ransomware-attacks,86,6226,1.38%,12.85
https://duo.com/decipher/stolen-citrix-credentials-led-to-change-ransomware-attack,85,2178,3.9%,27.74
https://duo.com/blog/evolving-our-strategic-vision-to-continuous-trusted-access,85,1228,6.92%,20.81
https://duo.com/resources/ebooks/busting-passwordless-myths,85,875,9.71%,27.83
https://duo.com/docs/dag-salesforce,84,9398,0.89%,61.45
https://duo.com/docs/f5bigip-alt,84,9243,0.91%,29.11
https://duo.com/resources/videos,84,4158,2.02%,16.96
https://duo.com/blog/an-aws-iam-policy-linter-parliament,84,2819,2.98%,47.19
https://duo.com/blog/duo-security-releases-new-application-integrations,84,1475,5.69%,29.9
https://duo.com/duo-presents-passwordless,83,24111,0.34%,50.3
https://duo.com/docs/sailpoint,83,12280,0.68%,36.61
https://duo.com/blog/new-easy-update-feature-available-for-x-ray-the-android-risk-assessment-app,83,8421,0.99%,29.09
https://duo.com/docs/cyberark-ldap,83,6935,1.2%,19.51
https://duo.com/resources/news-and-press/releases/duo-helps-healthcare-providers-meet-e-prescription-requirements,83,3665,2.26%,25.15
https://duo.com/blog/duo-network-gateway-secure-remote-access-internationally-without-specialist-hardware,83,3594,2.31%,11.03
https://duo.com/decipher/ssh-snake-tool-used-in-data-exfiltration-attacks,83,2705,3.07%,18.89
https://duo.com/decipher/microsoft-mines-events-logs-for-rdp-brute-force-attacks,83,2507,3.31%,12.79
https://duo.com/docs/sso-veeam-backup-replication,83,2199,3.77%,14.79
https://duo.com/editions-and-pricing/ready-to-buy-now,82,62724,0.13%,8.97
https://duo.com/decipher/microsoft-delays-release-of-controversial-recall-feature,82,20432,0.4%,11.96
https://duo.com/docs/sso-manageengine-adaudit-plus,82,19365,0.42%,22.49
https://duo.com/blog/extend-your-byod-security-policy-with-duo-device-trust,82,6750,1.21%,80.48
https://duo.com/docs/sso-sonicwall-sma200,82,5450,1.5%,24.99
https://duo.com/labs/disclosure,82,1267,6.47%,14.81
https://duo.com/partnerships/technology-partners/select-partners/workday,81,2241,3.61%,20.09
https://duo.com/docs/duoconnect-notes,81,1594,5.08%,7.39
https://duo.com/blog/securing-cloud-access-with-iam-and-two-factor-authentication,81,813,9.96%,9.84
https://duo.com/labs/tech-notes/santa-leaves-the-kernel-a-macos-endpoint-security-introduction-and-case-study,80,6541,1.22%,26.49
https://duo.com/docs/dag-facebookatwork,80,4179,1.91%,36.38
https://duo.com/decipher/hacker-for-hire-operation-targets-politicians-journalists-worldwide,80,3810,2.1%,64.97
https://duo.com/decipher/daggerfly-apt-group-attacks-showcase-updated-tools,80,2424,3.3%,16.49
https://duo.com/solutions/financial,79,21515,0.37%,46.59
https://duo.com/decipher/ransomware-attacks-leverage-recent-critical-php-flaw,79,12353,0.64%,18.53
https://duo.com/blog/protecting-windows-servers-and-remote-desktops-with-duo,79,4039,1.96%,36.68
https://duo.com/docs/dag-jamf-jss,79,2711,2.91%,23.25
https://duo.com/blog/approve-your-authentication-requests-with-just-a-glance,79,1443,5.47%,17.3
https://duo.com/decipher/reality-of-online-account-recovery,78,4532,1.72%,31.76
https://duo.com/docs/authapi-v1,78,4362,1.79%,10.85
https://duo.com/blog/duo-recognized-as-a-customers-choice-for-access-management-in-gartner-peer-insights-two-years-in-row,78,3869,2.02%,53.7
https://duo.com/blog/how-to-mitigate-ransomware-attacks-with-mfa,78,2944,2.65%,51.91
https://duo.com/resources/ebooks/two-factor-authentication-evaluation-guide,78,2426,3.22%,26.4
https://duo.com/docs/dag-aws,78,2213,3.52%,20.25
https://duo.com/decipher/chinese-spies-planted-hardware-backdoors-on-servers-in-supply-chain-attack,78,1831,4.26%,20.98
https://duo.com/introducing-continuous-trusted-access,78,633,12.32%,14.18
https://duo.com/partnerships/technology-partners,77,24870,0.31%,34.81
https://duo.com/docs/dag-webex,77,18682,0.41%,60.5
https://duo.com/blog/why-role-based-access-control-is-critical-to-your-security-stack,77,3292,2.34%,35.67
https://duo.com/blog/google-chromebooks-and-duo-security-powering-your-secure-remote-workforce,77,1970,3.91%,24.46
https://duo.com/docs/dag-generic,76,5582,1.36%,26.26
https://duo.com/blog/rise-of-passkeys,76,4638,1.64%,13.47
https://duo.com/support/security-and-reliability/gdpr-compliance-and-how-duo-helps,76,3212,2.37%,38.72
https://duo.com/decipher/new-moonpeak-rat-linked-to-north-korean-actors,76,2930,2.59%,26.54
https://duo.com/blog/duo-aligns-with-nist-on-authentication-guidelines,76,1189,6.39%,28.93
https://duo.com/blog/mapping-social-networks-with-gephi,75,5427,1.38%,43.77
https://duo.com/solutions/customer-stories/pruitthealth,75,2566,2.92%,14.13
https://duo.com/decipher/us-cyber-command-discloses-muddywater-malware-samples,75,2128,3.52%,16.8
https://duo.com/docs/confluence,74,9548,0.78%,38.14
https://duo.com/docs/sso-drupal,74,5976,1.24%,35.33
https://duo.com/blog/revisiting-duo-fedramp-authorized-federal-editions,74,3853,1.92%,22.53
https://duo.com/decipher/q-and-a-david-scott-lewis,74,3808,1.94%,8.05
https://duo.com/docs/netscaler-nfactor-radius-challenge,74,3510,2.11%,15.63
https://duo.com/decipher/chinese-apt-moves-to-ransomware-in-some-intrusions,74,3434,2.15%,24.3
https://duo.com/blog/2024-duo-trusted-access-report-navigating-complexity,74,3177,2.33%,31.18
https://duo.com/blog/duos-new-session-trust-solution-provides-continuous-policy,74,2407,3.07%,23.04
https://duo.com/decipher/debunking-myths-do-terrorists-use-game-consoles-to-communicate-with-each-other,74,2160,3.43%,14.04
https://duo.com/blog/breaking-up-with-the-iframe-introducing-our-new-developer-tooling,74,1059,6.99%,16.05
https://duo.com/docs/citrix-web-interface,73,5758,1.27%,50.47
https://duo.com/partnerships/technology-partners/select-partners/ivanti,73,3466,2.11%,53.39
https://duo.com/docs/sso-ise-admin,73,3139,2.33%,14.37
https://duo.com/decipher/exploit-attempts-against-check-point-cve-2024-24919-on-the-rise,72,3014,2.39%,29.3
https://duo.com/labs/research/gamifying-data-science-education,72,1355,5.31%,17.95
https://duo.com/resources/news-and-press/releases/duo-raises-70-million-series-d-round,72,1184,6.08%,11.02
https://duo.com/solutions/federal-government,71,14017,0.51%,43.06
https://duo.com/docs/sso-knowbe4,71,8684,0.82%,23.66
https://duo.com/docs/cisco-security-cloud-control,71,6597,1.08%,28.71
https://duo.com/blog/in-search-of-iso-27001-2013-27017-2015-27018-2019-certification,71,4325,1.64%,45.76
https://duo.com/decipher/hacker-history-how-dan-kaminsky-almost-broke-the-internet,71,4033,1.76%,18.29
https://duo.com/decipher/openssh-will-deprecate-sha-1,71,1538,4.62%,22.3
https://duo.com/docs/sso-sharefile,70,45615,0.15%,28.75
https://duo.com/decipher/cactus-ransomware-group-targets-qlik-sense-servers,70,4454,1.57%,32.84
https://duo.com/decipher/notable-shift-seen-in-basta-ransomware-initial-access,70,1633,4.29%,23.29
https://duo.com/docs/sso-delinea-secret-server,69,7602,0.91%,24.88
https://duo.com/docs/sso-ibmid,69,5230,1.32%,15.85
https://duo.com/decipher/researchers-demo-relay-attack-against-bluetooth-le-systems,69,2122,3.25%,25.41
https://duo.com/resources/ebooks/how-to-successfully-deploy-duo-at-enterprise-scale,69,2035,3.39%,20.09
https://duo.com/assets/documents/Duo_End_User_Education_Communication_Templates_Korean.docx,69,1996,3.46%,10.65
https://duo.com/labs/research/mdm-me-maybe,68,14456,0.47%,78.56
https://duo.com/docs/sso-zoho,68,6282,1.08%,40.41
https://duo.com/docs/sso-ringcentral,68,5155,1.32%,31.99
https://duo.com/blog/what-duo-unix-administrators-need-to-know-about-pluggable-authentication-modules,68,3880,1.75%,22.58
https://duo.com/labs/tech-notes/how-security-keys-store-credentials,67,5615,1.19%,27.85
https://duo.com/decipher/apple-enables-third-party-management-for-passkeys,67,3854,1.74%,51.07
https://duo.com/docs/sso-zabbix,67,2873,2.33%,28.59
https://duo.com/blog/when-in-doubt-lockout,67,1867,3.59%,21.54
https://duo.com/docs/sso-netdocuments,66,16597,0.4%,23.38
https://duo.com/docs/sso-barracuda-waf,66,13636,0.48%,35.91
https://duo.com/resources/glossary/mobile-device-management,66,10114,0.65%,93.51
https://duo.com/blog/remote-desktop-threats-remediations,66,5191,1.27%,46.43
https://duo.com/labs/research/secure-boot-in-the-era-of-the-t2,66,2541,2.6%,32.23
https://duo.com/blog/how-to-secure-internally-hosted-applications-and-servers-accessed-remotely,66,1507,4.38%,36.78
https://duo.com/decipher/china-based-apt-flies-under-radar-with-minimal-malware-use,66,1099,6.01%,36.27
https://duo.com/resources/ebooks/ten-things-to-consider-before-buying-an-mdm-solution,65,18320,0.35%,92.8
https://duo.com/docs/dag-tableau,65,7604,0.85%,58.01
https://duo.com/blog/top-5-considerations-for-single-sign-on-sso,65,3465,1.88%,47.51
https://duo.com/labs/tech-notes/detecting-phishing-with-spf-macros,65,3075,2.11%,18.81
https://duo.com/product/device-trust/endpoint-remediation-and-self-remediation,65,2796,2.32%,17.62
https://duo.com/docs/sso-ping-identity,64,12124,0.53%,33.71
https://duo.com/resources/glossary/domain-name-system,64,2193,2.92%,57.18
https://duo.com/resources/news-and-press/releases/duo-security-announces-record-breaking-year-after-launching-duo-beyond-building-foundation-for-further-expansion-and-product-innovation,64,1563,4.09%,13.93
https://duo.com/blog/duo-vs-fraudulent-device-registration,64,1368,4.68%,15.09
https://duo.com/decipher/labs-presents-whats-happening-with-rfid-blocking-gear,63,16953,0.37%,45.13
https://duo.com/docs/duounix-notes,63,15681,0.4%,10.75
https://duo.com/docs/trusted-endpoints-sophos-mobile,63,10420,0.6%,30.13
https://duo.com/partnerships/technology-partners/select-partners/citrix,63,5872,1.07%,45.77
https://duo.com/docs/sso-jamf-pro-server,63,4505,1.4%,23.39
https://duo.com/docs/sso-cohesity,63,2304,2.73%,16.95
https://duo.com/docs/sso-amazon-connect,62,13473,0.46%,27.48
https://duo.com/decipher/microsoft-says-russian-apt29-accessed-source-code-other-secrets,62,5059,1.23%,30.75
https://duo.com/docs/dag-sharefile,62,2761,2.25%,58.42
https://duo.com/decipher/wireguard-vpn-added-to-linux-kernel,62,1040,5.96%,14.4
https://duo.com/resources/news-and-press/releases/duo-security-bolsters-privileged-access-protection-with-zero-trust-framework,62,923,6.72%,36.08
https://duo.com/blog/calling-all-developers-building-together-with-duos-tech-partner-program,62,516,12.02%,11.18
https://duo.com/docs/sso-tableau-online,61,12309,0.5%,22.63
https://duo.com/decipher/check-point-releases-fix-for-exploited-vpn-flaw,61,4198,1.45%,36.52
https://duo.com/duo-vs-traditional-two-factor,61,1980,3.08%,8.83
https://duo.com/blog/recognizing-reporting-phishing,61,1784,3.42%,14.3
https://duo.com/partnerships/technology-partners/select-partners/sailpoint,60,7818,0.77%,40.12
https://duo.com/blog/mobile-liberation-federal-gov-piv-cac-cards,60,5792,1.04%,30.98
https://duo.com/decipher/new-toxiceye-malware-leverages-telegram-for-c2,60,2268,2.65%,18
https://duo.com/decipher/u-s-sanctions-three-chinese-nationals-for-alleged-connection-to-911-s5-botnet,59,24068,0.25%,11.31
https://duo.com/docs/sso-dashlane,59,14210,0.42%,31.93
https://duo.com/decipher/google-recaptcha-v3-finds-bots-with-no-user-interaction,59,6159,0.96%,68.81
https://duo.com/blog/protecting-microsoft-email-with-duo,59,1068,5.52%,20.82
https://duo.com/blog/three-best-practices-every-security-leader-should-consider-when-using-duo,59,610,9.67%,13.04
https://duo.com/resources/news-and-press/releases/duo-securitys-ceo-dug-song-named-innovator-of-the-year-by-lawrence-tech-wwj-newsradio,58,4695,1.24%,10.58
https://duo.com/blog/guide-how-to-successfully-deploy-duo-at-enterprise-scale,58,783,7.41%,28.76
https://duo.com/docs/adfs-notes,57,5209,1.09%,34.42
https://duo.com/blog/what-is-a-trusted-device,57,4700,1.21%,13.63
https://duo.com/labs/research/finding-radio-sidechannels,57,3486,1.64%,28.98
https://duo.com/solutions/customer-stories/eventbrite,57,2743,2.08%,24.7
https://duo.com/labs/research/authentication-and-authorization-through-the-ages,57,1969,2.89%,20
https://duo.com/decipher/taiwanese-research-center-targeted-by-apt41,57,1730,3.29%,25.88
https://duo.com/resources/glossary/security-incident-and-event-management,56,29021,0.19%,32.2
https://duo.com/docs/sso-monday,56,13236,0.42%,16.19
https://duo.com/docs/sso-zendesk,56,8499,0.66%,33.2
https://duo.com/decipher/google-makes-encrypted-dns-generally-available-for-8-8-8-8,56,6107,0.92%,55.55
https://duo.com/docs/dng-api,56,2332,2.4%,10.82
https://duo.com/blog/tags/careers,56,2015,2.78%,3.75
https://duo.com/docs/trusted-endpoints-generic,56,1900,2.95%,19.94
https://duo.com/docs/barracuda-alt,55,8281,0.66%,48.19
https://duo.com/docs/dag-github-enterprise,55,7598,0.72%,34.88
https://duo.com/decipher/sandworm-group-shifts-to-espionage-attacks-hacktivist-personas,55,2708,2.03%,24.33
https://duo.com/blog/microcontroller-firmware-recovery-using-invasive-analysis,55,2373,2.32%,26.84
https://duo.com/resources/events/cisco-live-2024,55,1743,3.16%,18.59
https://duo.com/docs/sso-oidc-connectwise-home,54,12028,0.45%,10.27
https://duo.com/docs/sso-manageengine-pam360,54,7244,0.75%,17.24
https://duo.com/docs/sso-dynatrace,54,6508,0.83%,21.9
https://duo.com/solutions/legal,54,5174,1.04%,14.87
https://duo.com/blog/5-reasons-to-choose-duo-over-free-multi-factor-authentication,54,2811,1.92%,13.92
https://duo.com/blog/using-duos-mfa-to-protect-remote-access-for-pci-dss-compliance,54,2719,1.99%,30.73
https://duo.com/resources/ebooks/duo-msp-playbook,54,2133,2.53%,20.92
https://duo.com/blog/my-journey-from-engineer-to-appsec,54,1684,3.21%,39.12
https://duo.com/product/small-to-medium-business,53,18264,0.29%,25.65
https://duo.com/weve-got-you,53,13541,0.39%,43.76
https://duo.com/decipher/high-severity-glibc-bug-impacts-major-linux-platforms,53,7006,0.76%,21.8
https://duo.com/blog/engineering-the-business-duos-software-engineering-ladder,53,5457,0.97%,17.52
https://duo.com/decipher/cisa-details-cloud-focused-attack-techniques-used-by-apt29,53,3466,1.53%,34.15
https://duo.com/resources/news-and-press/releases/duo-security-delivers-135-annual-recurring-revenue-growth-and-brings-aboard-top-security-leaders-from-facebook-etsy-451-research-workday-and-more,53,2785,1.9%,9.42
https://duo.com/decipher/apt42-intensifies-phishing-campaigns-against-u-s-israeli-targets,53,2312,2.29%,18.56
https://duo.com/blog/duo-expands-device-trust-to-corporate-devices-managed-by-microsoft-intune,53,2070,2.56%,20.63
https://duo.com/blog/make-it-your-own-brand-customization-with-our-universal-prompt,53,1630,3.25%,9.24
https://duo.com/blog/top-7-reasons-companies-don-t-use-two-factor-authentication,53,1151,4.6%,19.3
https://duo.com/docs/trusted-endpoints-g-suite,52,11437,0.45%,47.79
https://duo.com/decipher/microsoft-spoofing-flaw-exploited-in-infostealer-attacks,52,6141,0.85%,30.32
https://duo.com/labs/research/crxcavator-malvertising-2020,52,3678,1.41%,30.27
https://duo.com/decipher/hacker-history-time-charlie-chris-hacked-jeep-cherokee,52,3387,1.54%,16.38
https://duo.com/decipher/rite-aid-breach-impacts-2-2-million-customers,51,39018,0.13%,9
https://duo.com/product/enterprise,51,15532,0.33%,11.68
https://duo.com/solutions/retail,51,6170,0.83%,37.32
https://duo.com/decipher/unc3886-leverages-zero-days-novel-backdoor-variants,51,2882,1.77%,16.41
https://duo.com/decipher/hospital-it-help-desks-hit-with-social-engineering-attacks,51,1340,3.81%,25.07
https://duo.com/resources/ebooks/cyber-liability-insurance,50,45236,0.11%,55.46
https://duo.com/docs/sso-asana,50,20423,0.24%,19.88
https://duo.com/solutions/customer-stories/cisco,50,6915,0.72%,23.19
https://duo.com/resources/ebooks/passwordless-the-future-of-authentication,50,5857,0.85%,26.42
https://duo.com/blog/new-open-source-phishing-tools-isthislegit-and-phinn,50,5821,0.86%,37.25
https://duo.com/decipher/u-s-indicts-alleged-member-of-apt45-for-maui-ransomware-attacks,50,3743,1.34%,19.18
https://duo.com/decipher/new-california-law-requires-strong-passwords-for-internet-of-things,50,1264,3.96%,14.99
https://duo.com/decipher/microsoft-fixes-critical-windows-hyper-v-flaws,49,14766,0.33%,52.18
https://duo.com/decipher/apache-fixes-ofbiz-remote-code-execution-flaw,49,2524,1.94%,35.3
https://duo.com/docs/sso-productboard,49,1286,3.81%,15.34
https://duo.com/decipher/chinese-threat-group-compromised-isp-to-deliver-malware,48,9398,0.51%,10.64
https://duo.com/decipher/ftc-verkada-must-create-security-program-after-breaches,48,4570,1.05%,34.04
https://duo.com/blog/revolutionizing-cisco-vpn-access-with-duo-sso,48,3797,1.26%,28.32
https://duo.com/decipher/new-backdoor-linked-to-chinese-threat-group,48,2130,2.25%,30.51
https://duo.com/decipher/critical-moveit-authentication-bypass-flaws-fixed,48,1817,2.64%,33.34
https://duo.com/resources/glossary/what-is-identity-and-access-management,47,15952,0.29%,68.24
https://duo.com/resources/ebooks/from-mfa-to-zero-trust-a-five-phase-journey-to-securing-the-workforce,47,5786,0.81%,39.97
https://duo.com/docs/sso-egnyte,47,4590,1.02%,31.21
https://duo.com/blog/meaning-behind-cisco-recruitment-process,47,4091,1.15%,34.3
https://duo.com/docs/sso-oidc-aws-verified-access,47,3547,1.33%,30.84
https://duo.com/solutions/customer-stories/sentara-healthcare,47,3438,1.37%,24.63
https://duo.com/blog/redesigning-the-duo-admin-panel,47,2473,1.9%,8.83
https://duo.com/decipher/mint-sandstorm-apt-targets-universities-researchers,47,2211,2.13%,10.54
https://duo.com/decipher/north-korean-apt45-goes-for-the-money,47,2122,2.21%,11.17
https://duo.com/decipher/apt29-watering-hole-attacks-used-spyware-exploits,47,1908,2.46%,21.84
https://duo.com/decipher/the-fallout-from-the-crowdstrike-outage,47,1277,3.68%,23.12
https://duo.com/decipher/custom-malware-targets-rdp-to-exfiltrate-sensitive-data,47,1065,4.41%,23.58
https://duo.com/docs/sso-sailpoint-identityiq,46,21320,0.22%,33.53
https://duo.com/blog/human-error-accounts-for-over-95-percent-of-security-incidents-reports-ibm,46,4428,1.04%,28.2
https://duo.com/docs/sso-tableau-server,46,3938,1.17%,27.5
https://duo.com/blog/what-is-cmmc-learn-how-the-defense-industrial-base-can-easily-meet-cyber-hygiene-standards,46,2475,1.86%,51.67
https://duo.com/decipher/microsoft-exchange-users-get-admin-rights-in-privilege-escalation-attack,46,1369,3.36%,26.84
https://duo.com/decipher/who-we-are,45,10850,0.41%,20.19
https://duo.com/decipher/project-zero-it-will-take-all-of-us-to-end-the-era-of-zero-days,45,3639,1.24%,20.39
https://duo.com/decipher/morgan-stanley-fined-usd6-5m-must-take-security-measures,45,2470,1.82%,26.54
https://duo.com/blog/new-phone-who-dis-how-to-instantly-restore-2fa-settings,45,1340,3.36%,25.86
https://duo.com/blog/what-to-do-if-you-must-use-sms,45,1133,3.97%,24.07
https://duo.com/decipher/google-fixes-another-chrome-zero-day,44,6963,0.63%,21.09
https://duo.com/blog/opening-the-black-box-of-risk-based-authentication,44,5517,0.8%,24.58
https://duo.com/blog/resetting-passwords-and-saving-time-and-money-at-the-it-help-desk,44,4727,0.93%,16.95
https://duo.com/decipher/apt-exploits-microsoft-zero-day-in-malware-attacks,44,4590,0.96%,47.93
https://duo.com/docs/sso-goto-apps,44,3985,1.1%,41.44
https://duo.com/labs/research/the-administrators-guide-to-passwordless,44,3801,1.16%,25.63
https://duo.com/blog/password-palpitations-the-ongoing-threat-of-lm-hashing,44,3296,1.33%,13.25
https://duo.com/decipher/public-exploits-give-attackers-head-start,44,2846,1.55%,40.36
https://duo.com/docs/sso-netskope-admin-console,44,2678,1.64%,13.38
https://duo.com/blog/breaking-down-learning-curve-in-k-12-cybersecurity-compliance,44,2601,1.69%,38.68
https://duo.com/docs/netscaler-alt,44,1856,2.37%,20.26
https://duo.com/blog/passwordless-authentication-is-just-tap-away,44,1496,2.94%,17.06
https://duo.com/blog/a-truly-universal-prompt-accessibility-for-all,44,669,6.58%,11.37
https://duo.com/docs/sso-umbrella-end-users,43,14924,0.29%,29.83
https://duo.com/docs/sso-amazon-managed-grafana,43,9793,0.44%,42.88
https://duo.com/blog/the-evolution-of-security-4-two-man-rule,43,7242,0.59%,8.89
https://duo.com/blog/malicious-apps-bypass-security-tools-to-steal-data,43,2613,1.65%,26.21
https://duo.com/solutions/customer-stories/corporation-service-company,43,2326,1.85%,34.81
https://duo.com/resources/glossary/transport-layer-security,42,15821,0.27%,43.83
https://duo.com/docs/sso-freshdesk,42,11109,0.38%,25.37
https://duo.com/blog/redesigning-ui-the-duo-mobile-app-whats-new,42,7345,0.57%,9.69
https://duo.com/docs/sso-solarwinds-service-desk,42,6823,0.62%,31.81
https://duo.com/decipher/chip-based-credit-cards-did-not-stop-payment-card-fraud,42,5808,0.72%,37.76
https://duo.com/decipher/malicious-chrome-extension-backdoor-uncovered-in-malware-campaign,42,5293,0.79%,62.02
https://duo.com/blog/a-thrilling-adventure-what-a-site-reliability-engineer-sre-intern-has-to-say,42,4458,0.94%,19.76
https://duo.com/blog/passwords-vs-passkeys-state-of-passkeys-user-endpoints,42,3469,1.21%,20.02
https://duo.com/decipher/sec-sim-swapping-attack-led-to-twitter-account-compromise,42,3236,1.3%,20.4
https://duo.com/docs/uag,42,1540,2.73%,29.07
https://duo.com/blog/duo-new-data-centers-australia-singapore-japan,42,878,4.78%,22.12
https://duo.com/blog/secure-byod-without-an-mdm,41,5178,0.79%,64.53
https://duo.com/docs/array-ag,41,3792,1.08%,16.24
https://duo.com/decipher/latest-eu-proposal-fundamentally-undermines-encryption,41,3305,1.24%,16.89
https://duo.com/assets/documents/Duo_End_User_Education_Communication_Templates_Indonesian.docx,41,2044,2.01%,18.14
https://duo.com/decipher/updated-gustuff-android-trojan-changes-tactics,41,866,4.73%,26.79
https://duo.com/blog/harmonizing-access-control-with-routing-rules,41,516,7.95%,56.37
https://duo.com/docs/sso-verkada,40,44330,0.09%,9.96
https://duo.com/docs/trusted-endpoints-landesk,40,17080,0.23%,19.6
https://duo.com/docs/sso-bitdefender,40,5650,0.71%,23.56
https://duo.com/decipher/ransomware-payments-hit-usd1-1b-record-in-2023,40,4448,0.9%,37.71
https://duo.com/decipher/microsoft-and-partners-move-to-disrupt-use-of-cracked-cobalt-strike-copies,40,2814,1.42%,15.91
https://duo.com/decipher/the-unique-ai-cybersecurity-challenges-in-the-financial-sector,40,2192,1.82%,34.55
https://duo.com/docs/sso-island,40,1786,2.24%,23.96
https://duo.com/blog/duo-network-gateway-reducing-vpn-reliance,40,1701,2.35%,32.32
https://duo.com/resources/webinars/more-bang-for-your-buck-lets-maximize-your-duo-investment,40,1458,2.74%,38.47
https://duo.com/blog/ai-risk-or-opportunity,40,1447,2.76%,9.57
https://duo.com/docs/citrix-netscaler-nfactor-radius-challenge,40,1206,3.32%,13.24
https://duo.com/docs/trusted-endpoints-macos-certifier,40,1087,3.68%,23.99
https://duo.com/blog/raising-the-bar-anomaly-detection,40,807,4.96%,9.62
https://duo.com/blog/part-3-cisco-s-anyconnect-duo-trusted-endpoints-feature,40,396,10.1%,22.46
https://duo.com/blog/duo-risk-based-authentication-now-in-ga,39,6460,0.6%,31.9
https://duo.com/trusted-access-security,39,4141,0.94%,11
https://duo.com/decipher/emotet-spam-attacks-use-hexadecimal-octal-ip-addresses,39,3331,1.17%,49.82
https://duo.com/ja-jp/resources/ebooks/passwordless-ebook,39,3243,1.2%,49.39
https://duo.com/decipher/serious-flaws-found-in-supermicro-bmc-firmware,39,3043,1.28%,18.45
https://duo.com/blog/administrators-guide-part-3-passwordless-phishproof,39,2737,1.42%,35.04
https://duo.com/docs/juniper-faq,39,2648,1.47%,32.34
https://duo.com/blog/essential-information-security-controls-device-inventory,39,2218,1.76%,30.75
https://duo.com/docs/duo-desktop-notes-archive,39,1941,2.01%,14.61
https://duo.com/decipher/u-s-government-warns-of-iran-based-unc757-attacks,39,1572,2.48%,38.38
https://duo.com/resources/glossary/penetration-testing,39,1192,3.27%,18.02
https://duo.com/docs/dag-to-duo-sso,39,446,8.74%,14.24
https://duo.com/decipher/browsers-will-block-sites-using-old-versions-of-tls-in-march,38,3585,1.06%,32.62
https://duo.com/resources/news-and-press/releases/virginia-tech-to-employ-duo-security-s-two-factor-authentication-to-enhance-online-security,38,3469,1.1%,9.88
https://duo.com/decipher/new-north-korean-campaigns-target-cryptocurrency-industry,38,3292,1.15%,32.28
https://duo.com/decipher/operation-endgame-targets-trickbot-icedid-other-botnets-in-huge-disruption,38,2522,1.51%,24.44
https://duo.com/decipher/networked-devices-will-stop-working-as-root-certificates-expire,38,2459,1.55%,22.98
https://duo.com/decipher/more-companies-consider-board-level-cybersecurity-committees,38,2067,1.84%,52.84
https://duo.com/resources/news-and-press/releases/duo-security-recognized-as-a-visionary-in-gartner-s-magic-quadrant-for-user-authentication,38,2066,1.84%,26.19
https://duo.com/decipher/most-applications-contain-vulnerable-open-source-libraries,38,1960,1.94%,24.19
https://duo.com/blog/duo-federal-integration-with-microsoft-entra-id,38,1826,2.08%,36.47
https://duo.com/decipher/apt41-compromised-six-state-government-networks,38,1821,2.09%,20.42
https://duo.com/blog/using-duo-at-the-door-protecting-physical-access-through-new-partnerships,38,907,4.19%,19.16
https://duo.com/decipher/decryptor-for-babuk-tortilla-ransomware-variant-released,37,7079,0.52%,33.84
https://duo.com/decipher/new-ransomware-group-uses-repurposed-lockbit-babuk-variants,37,3441,1.08%,40.6
https://duo.com/blog/how-duo-customers-can-respond-to-cisa-report-scattered-spider,37,3067,1.21%,23.03
https://duo.com/docs/sonicwallsra-faq,37,2720,1.36%,29.95
https://duo.com/decipher/mapping-the-internet-whos-who-part-three,37,2241,1.65%,28.09
https://duo.com/decipher/attackers-verify-o365-credentials-on-azure-ad,37,1972,1.88%,11.68
https://duo.com/resources/ebooks/the-2022-duo-trusted-access-report,37,1888,1.96%,21.92
https://duo.com/partnerships/technology-partners/select-partners/splunk,37,1781,2.08%,41.14
https://duo.com/ja-jp/blog/sso-5,37,1149,3.22%,32.58
https://duo.com/blog/forrester-total-economic-impact-cisco-duo-shows-significant-roi,37,1085,3.41%,28.06
https://duo.com/blog/bolster-your-identity-security-with-threat-detection-response,37,960,3.85%,32.9
https://duo.com/docs/sso-sap-btp-cockpit,36,8458,0.43%,20.1
https://duo.com/docs/authproxy-overview,36,3777,0.95%,39.52
https://duo.com/blog/solving-the-identity-crisis-with-username-aliases,36,3689,0.98%,5.06
https://duo.com/decipher/capibar-malware-used-in-turla-espionage-attacks,36,3360,1.07%,14.39
https://duo.com/blog/announcing-duo-mfa-support-for-ad-fs-oidc-applications,36,2573,1.4%,19.31
https://duo.com/labs/tech-notes/2p-ecdsa-explained,36,2307,1.56%,49.33
https://duo.com/decipher/attackers-prefer-cheap-and-easy-to-find-rdp-attack-tools,36,1828,1.97%,38.12
https://duo.com/docs/shibboleth-faq,36,1579,2.28%,25.54
https://duo.com/decipher/tinyturla-ng-backdoor-has-big-capabilities,36,1262,2.85%,27.99
https://duo.com/blog/how-duo-helps-organizations-meet-epcs-compliance-requirements,36,883,4.08%,27.34
https://duo.com/docs/sso-netapp-ontap,36,739,4.87%,17.48
https://duo.com/decipher/backdoor-found-in-courtroom-recording-software-installer,35,45122,0.08%,6.61
https://duo.com/docs/dag-egnyte,35,23667,0.15%,13.7
https://duo.com/decipher/google-marks-popular-sites-as-not-secure-for-using-http,35,5586,0.63%,39.18
https://duo.com/labs/tech-notes/resident-keys-and-the-future-of-webauthn-fido2,35,3268,1.07%,13.61
https://duo.com/solutions/customer-stories/lyft,35,3115,1.12%,28.12
https://duo.com/decipher/botenago-malware-source-code-appears-on-github,35,1742,2.01%,31.17
https://duo.com/resources/infographics,35,1427,2.45%,35.79
https://duo.com/resources/ebooks/from-mfa-to-zero-trust-a-five-phase-journey-to-securing-the-federal-workforce,35,1129,3.1%,38.94
https://duo.com/docs/sso-solarwinds-platform,35,1128,3.1%,41.12
https://duo.com/decipher/phishing-frameworks-and-toolkits-continue-to-mature,35,815,4.29%,29.73
https://duo.com/partnerships/technology-partners/select-partners/exabeam,34,5465,0.62%,40.97
https://duo.com/blog/how-cisco-duo-helps-mitigate-common-mitre-attack-techniques,34,3413,1%,34.55
https://duo.com/blog/understanding-silver-saml-vulnerability-how-duo-sso-can-help,34,3410,1%,21.17
https://duo.com/blog/duo-security-and-datto-more-than-just-another-integration,34,2846,1.19%,45.2
https://duo.com/decipher/new-acidpour-wiper-malware-found-in-ukraine,34,2834,1.2%,28.73
https://duo.com/blog/what-is-a-trusted-user,34,2059,1.65%,10.81
https://duo.com/docs/sso-oidc-graylog,34,2028,1.68%,30.64
https://duo.com/blog/gmail-oauth-phishing-goes-viral,34,1987,1.71%,34.96
https://duo.com/blog/duo-care-premium-customer-care-provides-extra-layers-of-support,34,1961,1.73%,7.9
https://duo.com/blog/duo-single-sign-on-supports-more-applications-out-of-the-box,34,1931,1.76%,44.03
https://duo.com/decipher/threat-actors-exploiting-critical-apache-hugegraph-flaw,34,1567,2.17%,18.29
https://duo.com/blog/duo-single-sign-on-support-for-openid-connect-apps-now-generally-available,34,1535,2.21%,14
https://duo.com/decipher/espionage-threat-actor-hits-multiple-government-entities,34,1209,2.81%,26.75
https://duo.com/blog/how-user-personas-guide-a-great-duo-user-experience,34,1050,3.24%,17.23
https://duo.com/decipher/key-updates-to-nists-digital-identity-guidelines-sp-800-63-3,33,4771,0.69%,54.53
https://duo.com/resources/ebooks/the-tei-of-cisco-duo,33,4305,0.77%,21.81
https://duo.com/solutions/technology,33,3989,0.83%,9.47
https://duo.com/docs/wordpress-legacy,33,3275,1.01%,16.69
https://duo.com/decipher/lazarus-group-log4j-attacks-spread-new-malware-families,33,2478,1.33%,35.08
https://duo.com/decipher/new-gootloader-malware-variant-harder-to-detect-block,33,1960,1.68%,16.99
https://duo.com/docs/sso-commvault,33,1925,1.71%,18.76
https://duo.com/decipher/sec-settles-charges-against-transfer-agent-after-cyber-incidents,33,1696,1.95%,35.91
https://duo.com/blog/single-sign-on-sso-101,33,1626,2.03%,30.27
https://duo.com/labs/research/the-invisible-world-of-near-infrared-authentication,33,1164,2.84%,21.24
https://duo.com/assets/pdf/Duo_End_User_Education_Communication_Templates_German.docx,33,763,4.33%,9.38
https://duo.com/docs/sso-datto-workplace,32,19002,0.17%,17.8
https://duo.com/decipher/driving-headless-chrome-with-python,32,16035,0.2%,49.17
https://duo.com/docs/sso-planview-adaptivework,32,5734,0.56%,43.47
https://duo.com/blog/passkeys-vs-passwords-state-of-passkeys-remote-users,32,4017,0.8%,40.79
https://duo.com/blog/bringing-passkeys-to-admin-panel-login,32,3621,0.88%,18.3
https://duo.com/decipher/flipping-bits-and-opening-doors-reverse-engineering-the-linear-wireless-security-dx-protocol,32,2889,1.11%,22.56
https://duo.com/blog/the-macos-phishing-easy-button-applescript-dangers,32,2312,1.38%,36.62
https://duo.com/decipher/greatness-phishing-service-targets-microsoft-365-users,32,2265,1.41%,51.91
https://duo.com/decipher/linux-iot-botnet-targets-weak-ssh-server-credentials,32,2263,1.41%,37.33
https://duo.com/blog/state-of-the-auth-experiences-and-perceptions-of-multi-factor-authentication,32,1813,1.77%,30.14
https://duo.com/assets/pdf/Duo_End_User_Education_Communication_Templates_French.docx,32,1494,2.14%,10.47
https://duo.com/resources/webinars/how-attackers-steal-credentials-to-gain-stealthy-access-to-your-organization,32,1298,2.47%,23.57
https://duo.com/resources/glossary/breach,32,1226,2.61%,8.01
https://duo.com/blog/women-in-cybersecurity-thriving-in-cyber-asian-american-mother,32,1087,2.94%,21.85
https://duo.com/blog/climbing-from-ad-fs-to-duo-sso,32,1000,3.2%,38.27
https://duo.com/decipher/hardcoded-private-key-leads-to-full-control-of-some-siemens-plcs,32,954,3.35%,32.4
https://duo.com/blog/disabling-two-factor-sms-codes-to-avoid-interception,32,466,6.87%,19.42
https://duo.com/product/multi-factor-authentication-mfa/administrative-features,31,189259,0.02%,8.85
https://duo.com/docs/akamai-eaa,31,7694,0.4%,35.73
https://duo.com/docs/sso-manageengine-opmanager,31,6546,0.47%,22.35
https://duo.com/docs/sso-rapid7,31,5044,0.61%,29.13
https://duo.com/docs/sso-cyberark-workforce,31,4904,0.63%,45.84
https://duo.com/labs/tech-notes/deploying-markdown-to-confluence,31,3783,0.82%,44.32
https://duo.com/decipher/nist-developing-hardware-security-guidelines-for-enterprises,31,2836,1.09%,50.75
https://duo.com/decipher/solarwinds-fixes-hardcoded-credential-bug-in-web-help-desk,31,2798,1.11%,43.04
https://duo.com/docs/splunkapp-notes,31,2560,1.21%,35.64
https://duo.com/decipher/lazarus-group-targets-iis-servers,31,1915,1.62%,28.89
https://duo.com/decipher/meta-bitter-apt-cyber-espionage-attack-leveraged-apple-s-testflight-service,31,1743,1.78%,15.14
https://duo.com/decipher/qnap-fixes-critical-flaws-impacting-nas-devices,31,1732,1.79%,37.08
https://duo.com/decipher/after-at-t-breach-senators-want-answers,31,1547,2%,30.57
https://duo.com/decipher/applications-using-apache-htaccess-at-risk-for-attacks,31,1445,2.15%,38.8
https://duo.com/product/adaptive-access-policies/trust-monitor,31,1364,2.27%,13.28
https://duo.com/docs/dag-goto-apps,31,1235,2.51%,36.97
https://duo.com/decipher/apt29-phishing-attack-targets-german-political-parties,31,1233,2.51%,13.49
https://duo.com/resources/news-and-press/press-archive,31,854,3.63%,18.88
https://duo.com/decipher/decipher-podcast-danny-rogers-and-rocky-cole,31,601,5.16%,12.47
https://duo.com/decipher/state-sponsored-attackers-targeted-airline-with-new-backdoor,31,506,6.13%,6.22
https://duo.com/decipher/at-t-threat-actors-compromised-customer-phone-text-records,30,3165,0.95%,53.48
https://duo.com/blog/the-paypal-2fa-bypass-how-legacy-infrastructure-impacts-modern-security,30,3035,0.99%,35.32
https://duo.com/resources/webinars/bolster-your-defenses-with-continuous-identity-security-from-duo,30,2342,1.28%,57.98
https://duo.com/decipher/proposed-bill-would-create-reporting-database-for-ai-security-incidents,30,1954,1.54%,41.91
https://duo.com/blog/life-death-passwords-problem-with-passwords,30,1860,1.61%,12.46
https://duo.com/decipher/mgm-resorts-details-compromised-data-financial-hit-after-cyberattack,30,1855,1.62%,60.72
https://duo.com/decipher/what-we-learned-at-black-hat-2024,30,1440,2.08%,28.92
https://duo.com/blog/introduction-to-tech-as-a-helpdesk-intern,30,1417,2.12%,20.37
https://duo.com/blog/you-re-invited-to-a-password-party,30,1179,2.54%,10.33
https://duo.com/blog/team-up-to-secure-against-compromised-credentials-with-sso-passwordless,30,1095,2.74%,28.52
https://duo.com/blog/duo-international-growth-2022,30,1076,2.79%,14.16
https://duo.com/decipher/lazarus-apt-cloaks-payloads-in-bmp-image-files,30,987,3.04%,25.74
https://duo.com/decipher/3-things-we-still-don-t-know-about-the-xz-backdoor,29,5903,0.49%,25.95
https://duo.com/decipher/mozilla-testing-firefox-private-network,29,5668,0.51%,20.93
https://duo.com/resources/ebooks/access-management-buyers-guide,29,5636,0.51%,42.2
https://duo.com/blog/two-factor-authentication-for-electronic-health-record-ehr-apps,29,3892,0.75%,39.67
https://duo.com/decipher/an-oral-history-of-the-l0pht,29,2967,0.98%,9.22
https://duo.com/docs/dag-zoom,29,2423,1.2%,29.49
https://duo.com/product/state-and-local-government,29,1967,1.47%,17.69
https://duo.com/blog/announcing-general-availability-duo-verified-push,29,1588,1.83%,22.77
https://duo.com/decipher/fda-wants-to-see-a-bill-of-materials-for-medical-devices,29,1241,2.34%,52.38
https://duo.com/decipher/goldbrute-botnet-is-brute-forcing-windows-rdp,29,753,3.85%,17.21
https://duo.com/decipher/freebsd-patches-rce-flaw-in-ping,29,730,3.97%,13.22
https://duo.com/blog/product-designer-career-path,29,628,4.62%,28.59
https://duo.com/docs/dag-notes,28,16702,0.17%,9.98
https://duo.com/docs/dag-tableau-online,28,6599,0.42%,59.1
https://duo.com/docs/sso-clickup,28,5272,0.53%,17.45
https://duo.com/blog/passkeys-vs-passwords-the-state-of-passkeys-on-cloud-platforms,28,3547,0.79%,29.24
https://duo.com/labs/research/a-security-analyst-s-guide-to-identity-threats,28,3176,0.88%,35.09
https://duo.com/docs/vmwareview-faq,28,2719,1.03%,49.81
https://duo.com/decipher/apt28-exploiting-old-flaw-to-install-jaguar-tooth-malware,28,2105,1.33%,20.37
https://duo.com/solutions/customer-stories/inductive-automation,28,1897,1.48%,40.94
https://duo.com/decipher/bug-allows-geolocation-of-android-users,28,1728,1.62%,19.2
https://duo.com/resources/webinars/your-zero-trust-roadmap-five-steps-to-securing-user-access-to-applications,28,1721,1.63%,35.28
https://duo.com/blog/securing-e-prescription-applications-and-identity-proofing,28,1717,1.63%,42.87
https://duo.com/decipher/apt40-exploits-confluence-exchange-flaws-to-target-governments,28,1623,1.73%,32.5
https://duo.com/decipher/opentext-fixes-rce-flaws-in-extended-ecm,28,1513,1.85%,59.09
https://duo.com/demos/duo-mfa-for-cisco-anyconnect,28,1164,2.41%,17.01
https://duo.com/assets/pdf/Duo_UP_End_User_Education_Communication_Templates.docx,28,574,4.88%,14.34
https://duo.com/docs/sso-hackerrank,27,85885,0.03%,8.25
https://duo.com/docs/sso-udemy,27,16519,0.16%,36.07
https://duo.com/docs/dag-faq,27,12727,0.21%,5.12
https://duo.com/decipher/fbi-disrupts-radar-dispossessor-ransomware-group,27,11124,0.24%,9.72
https://duo.com/docs/sso-thousandeyes,27,10664,0.25%,12.79
https://duo.com/search,27,9583,0.28%,4.84
https://duo.com/decipher/fortinet-warns-new-critical-fortigate-bug-has-been-exploited,27,6941,0.39%,28.44
https://duo.com/docs/sso-aws-redshift,27,5307,0.51%,36.55
https://duo.com/decipher/vmware-warns-of-critical-vcenter-server-flaws,27,4089,0.66%,51.64
https://duo.com/blog/cisco-joins-fido-alliance-board,27,3839,0.7%,39.22
https://duo.com/resources/ebooks/duo-for-essential-8,27,3705,0.73%,55.39
https://duo.com/decipher/ivanti-patches-critical-rce-standalone-sentry-flaw,27,3432,0.79%,17.14
https://duo.com/resources/ebooks/securing-organizations-against-identity-based-threats,27,3023,0.89%,59.81
https://duo.com/docs/sso-datadog,27,2908,0.93%,26.22
https://duo.com/solutions/customer-stories/idea-public-schools,27,2189,1.23%,32.23
https://duo.com/decipher/digging-into-fin7-s-latest-tools-and-tactics,27,1925,1.4%,29.54
https://duo.com/blog/duo-redefines-what-is-essential-for-access-management,27,1756,1.54%,35.01
https://duo.com/docs/sso-terraform-cloud,27,1543,1.75%,21.62
https://duo.com/blog/duo-s-recipe-for-great-culture,27,1462,1.85%,19.65
https://duo.com/blog/openid-connect-oidc-support-in-duo-sso-now-early-access,27,1329,2.03%,9.5
https://duo.com/decipher/bringing-security-to-usb-type-c-or-more-limitations,27,1101,2.45%,15.04
https://duo.com/decipher/white-house-implements-ai-safety-reporting-mandate,27,789,3.42%,22.11
https://duo.com/decipher/stealthy-malware-leverages-mqtt-protocol-in-spam-campaigns,27,673,4.01%,29.78
https://duo.com/decipher/lockbit-ransomware-takedown-includes-arrests-decryptor-release,26,5588,0.47%,37.86
https://duo.com/resources/news-and-press/releases/northeastern-university-and-duo-security-collaborate,26,3383,0.77%,10.21
https://duo.com/docs/dag-slack,26,3115,0.83%,49.27
https://duo.com/decipher/nist-outlines-how-to-secure-bgp,26,2860,0.91%,18.55
https://duo.com/resources/ebooks/anatomy-of-a-modern-phishing-attack,26,2052,1.27%,29.74
https://duo.com/blog/new-duo-e-book-attack-vectors-decoded,26,1750,1.49%,41.17
https://duo.com/decipher/critical-crypto-bug-fixed-in-putty,26,1645,1.58%,24.38
https://duo.com/blog/duo-maclogon-enhances-macos-security-with-offline-m1-support,26,1539,1.69%,22.12
https://duo.com/blog/defending-against-mfa-bypass-attacks-with-strong-mfa,26,1119,2.32%,23.48
https://duo.com/decipher/attackers-targeting-vulnerability-in-pulse-secure-vpn,26,1059,2.46%,37.16
https://duo.com/decipher/find-phishing-sites-in-certificate-transparency-logs,26,951,2.73%,45.54
https://duo.com/blog/beyond-s3-exposed-resources-on-aws,26,891,2.92%,32.82
https://duo.com/blog/new-duo-device-health-application-enhancements,26,859,3.03%,16.68
https://duo.com/blog/quickly-and-easily-secure-local-microsoft-windows-logins,26,853,3.05%,13.96
https://duo.com/partnerships/technology-partners/select-partners/akamai,25,6055,0.41%,40.82
https://duo.com/resources/webinars/defending-with-duo,25,4141,0.6%,33.84
https://duo.com/docs/sso-oidc-grafana-cloud,25,3424,0.73%,25.59
https://duo.com/blog/updating-software,25,3054,0.82%,39.25
https://duo.com/decipher/opentitan-chips-are-on-the-horizon,25,2012,1.24%,12.1
https://duo.com/blog/cisco-secure-democratizes-extension-security-for-firefox-and-edge,25,1943,1.29%,32.76
https://duo.com/decipher/caffeine-a-readily-accessible-phishing-as-a-service-platform,25,1800,1.39%,14
https://duo.com/docs/dag-box,25,1755,1.42%,34.81
https://duo.com/decipher/nation-state-threat-actors-hit-change-healthcare,25,1754,1.43%,60.25
https://duo.com/decipher/microsoft-azure-serial-console-abused-in-unc3944-attacks,25,1735,1.44%,27.62
https://duo.com/partnerships/technology-partners/select-partners/juniper,25,1711,1.46%,48.87
https://duo.com/decipher/stop-the-pwnage-81-of-hacking-incidents-used-stolen-or-weak-passwords,25,1507,1.66%,30.96