Top queries,Clicks,Impressions,CTR,Position
duo,82836,2235819,3.7%,3.63
duo security,80059,239078,33.49%,1.01
duo mobile,78374,496358,15.79%,2.17
duo admin,30988,60934,50.86%,1.21
duo login,21858,63671,34.33%,1.43
cisco duo,19005,71047,26.75%,1.52
duo mobile login,14344,32863,43.65%,1.17
duo admin login,14254,44713,31.88%,1.91
2fa,11410,2079590,0.55%,7.48
duo desktop,8144,14411,56.51%,1.01
duo authentication,6945,26051,26.66%,1.02
duo app,6893,133560,5.16%,3.07
duo mobile app,6361,88321,7.2%,2.79
2fa authentication,6160,56199,10.96%,2.62
duo security login,5804,13932,41.66%,1.01
duo push,4884,15331,31.86%,1.12
duo mfa,4770,18527,25.75%,1.01
duomobile,4334,18272,23.72%,2.02
duo desktop download,3776,5583,67.63%,1
duo win login,3760,7730,48.64%,1
duo admin panel,3586,6908,51.91%,1.25
duo admin portal,3414,10996,31.05%,1.8
cisco duo login,3191,7089,45.01%,1.31
duo cisco,3130,8308,37.67%,1.54
duo support,3015,4749,63.49%,1.08
duo security careers,2562,3243,79%,1.01
duo 2fa,2384,6989,34.11%,1.04
duosecurity,2315,6650,34.81%,1.02
duo passport,2297,3255,70.57%,1.22
duo sso,2058,5141,40.03%,1.03
duoadmin,1913,3336,57.34%,1.19
duo authentication proxy,1891,4048,46.71%,1.02
two factor authentication,1811,327032,0.55%,6.5
duo pricing,1563,4978,31.4%,1.08
duo central,1512,2888,52.35%,1.03
duo push login,1490,2645,56.33%,1
duo mobile pc,1447,2352,61.52%,1.07
duo mobile download,1433,6539,21.91%,2.28
duo api,1429,2598,55%,1.11
duo network gateway,1403,2406,58.31%,1.05
duo admin console,1373,2635,52.11%,1.13
duo auth proxy,1333,2337,57.04%,1.03
duo security download,1267,3119,40.62%,1.38
duo enrollment,1234,5493,22.46%,2.01
duo authenticator,1233,5933,20.78%,1.23
bluetooth hack,1199,7132,16.81%,4.98
admin duo,1197,2796,42.81%,1.46
duo admin api,1196,1865,64.13%,1
duo download,1151,7739,14.87%,2.77
duo sign in,1127,2651,42.51%,1.12
duo authentication proxy download,1087,1608,67.6%,1
duo win,1081,3622,29.85%,1.23
duo free,1054,2481,42.48%,1.08
download duo desktop,1015,1582,64.16%,1.02
duo rdp download,992,1684,58.91%,1.01
duo rdp,969,1904,50.89%,1.05
duo authentication for windows logon,956,1889,50.61%,1.03
duo token,944,4711,20.04%,1.06
duo vpn,942,2732,34.48%,1.11
duo desktop app,931,1699,54.8%,1.02
duo passwordless,923,2046,45.11%,1
cisco duo admin,918,3175,28.91%,1.58
cisco duo pricing,910,2334,38.99%,1.06
duo mobile app download,897,6856,13.08%,2.45
proxy,896,102586,0.87%,24.07
duo.com,896,3947,22.7%,1
duo log in,893,3848,23.21%,3.09
duo self service portal,892,1568,56.89%,1
duo eam,891,1395,63.87%,1.02
duo portal,874,3558,24.56%,1.59
duo proxy,860,1742,49.37%,1.04
duosecurity.com,827,1668,49.58%,1
duo mobile admin,825,1540,53.57%,1.06
duosec,811,4264,19.02%,1.14
cisco duo mfa,784,2886,27.17%,1.1
duo device management portal,781,1749,44.65%,1.03
duo downloads,772,1375,56.15%,1.02
duo for mac,769,1359,56.59%,1.05
duopush,765,2075,36.87%,1.07
duo security app,764,4985,15.33%,2.28
duosecurity.com login,754,1769,42.62%,2.05
duo login admin,750,2120,35.38%,1.78
duo authentication for windows logon download,747,1079,69.23%,1
duo proxy download,740,1020,72.55%,1
duo verified push,724,1362,53.16%,1
duo trusted endpoints,723,1128,64.1%,1.02
duo two factor authentication,717,4155,17.26%,1.04
duo auth proxy download,717,995,72.06%,1
duo yubikey,714,1561,45.74%,1.09
duo account,711,4938,14.4%,2.2
duo installer,696,1727,40.3%,1.59
duo for windows download,693,1105,62.71%,1
what is duo,689,17730,3.89%,1.94
duo mobile support,688,1009,68.19%,1.01
duowin login,680,2827,24.05%,1.61
duo authentication app,675,6067,11.13%,2.53
duo radius,675,1159,58.24%,1.02
duo enrollment portal,641,1075,59.63%,1
duo windows installer,637,1043,61.07%,1
duo win login download,634,1385,45.78%,1
2fa auth,621,41990,1.48%,7.65
duo careers,619,1278,48.44%,1.25
duo app download,601,17214,3.49%,2.99
duo security jobs,592,970,61.03%,1.14
duo windows logon,583,953,61.18%,1
dui win login,572,41454,1.38%,4.56
2 factor authentication,568,101177,0.56%,8.43
download duo,565,8106,6.97%,2.38
duo access gateway,565,1288,43.87%,1.05
2fa authenticator,556,31561,1.76%,8.75
duo it help desk,554,1591,34.82%,1
cve-2024-4577,540,13510,4%,11.37
duo licensing,532,1543,34.48%,1
duo windows login,531,949,55.95%,1
duo app for pc,526,1340,39.25%,1.03
acme duo mobile,522,942,55.41%,1.02
duo hardware token,521,3432,15.18%,2.24
duo multi factor authentication,511,2874,17.78%,1.05
duo mobile for pc,497,792,62.75%,1.11
duo mobile help,497,756,65.74%,1
duo download windows,487,849,57.36%,1.02
duo desktop app download,482,809,59.58%,1
cisco duo download,481,1173,41.01%,1.17
duo mobile para pc,477,745,64.03%,1.29
duo essentials,476,1144,41.61%,1.02
cloudmapper,470,4350,10.8%,2.4
acme duo,469,786,59.67%,1.1
duo mobile sign in,464,689,67.34%,1
dou mobile,459,3099,14.81%,2.18
cisco duo mobile,456,2237,20.38%,2.02
download duo for windows,451,778,57.97%,1
duo security admin,447,829,53.92%,1.04
duo dng,446,669,66.67%,1.02
duo for windows,438,1097,39.93%,1.13
duo desktop authenticator,438,839,52.21%,1.02
duo risk based authentication,437,578,75.61%,1
duo saml,432,915,47.21%,1.08
cisco duo support,425,822,51.7%,1.05
duo auth api,425,710,59.86%,1
duo mobile log in,420,591,71.07%,1
duo unix,417,697,59.83%,1
ransomware sql database,416,861,48.32%,11.14
duo login portal,408,797,51.19%,1.55
duo mobil,403,3360,11.99%,2.57
duo single sign on,402,1158,34.72%,1.06
mfa duo,400,1841,21.73%,1.05
duo windows,396,969,40.87%,1.07
duo windows logon msi,396,571,69.35%,1
download duo mobile app,386,1991,19.39%,2.28
duo mobile apk,384,7469,5.14%,7.51
duo dashboard,379,1148,33.01%,1.24
duo device health,377,995,37.89%,1.12
cisco duo security,376,1972,19.07%,1.14
gmail 2-step verification lost phone,374,9805,3.81%,4.67
duo mobile admin login,374,931,40.17%,1.61
duo documentation,369,604,61.09%,1.02
cisco duo admin login,364,2074,17.55%,1.99
duo ad sync,359,568,63.2%,1
duo authenticator app,354,2040,17.35%,2.2
duo account login,354,541,65.43%,1.04
duo setup,349,1974,17.68%,1.99
duo moblie,348,1648,21.12%,1.89
duo win login game,347,928,37.39%,1.03
duo federal,335,694,48.27%,1
yubikey duo,333,752,44.28%,1.09
duo mobile customer service,332,1010,32.87%,1.88
duo auth,331,1127,29.37%,1
duo mobile for mac,330,514,64.2%,1
duo windows download,328,456,71.93%,1
duo directory sync,325,473,68.71%,1
duo mobile online,324,560,57.86%,1.02
duo mobile desktop,323,525,61.52%,1
suporte duo mobile,323,499,64.73%,1
how to hack bluetooth,320,1790,17.88%,3.74
duo advantage,320,926,34.56%,1.02
duo website,319,1784,17.88%,1.95
duo admin center,319,600,53.17%,1.38
duo universal prompt,317,2851,11.12%,2.22
duo autenticador,312,1128,27.66%,1.97
duo mac,310,1184,26.18%,1.27
cisco duo app,307,3641,8.43%,2.64
duo management portal,305,687,44.4%,1
duo docs,305,453,67.33%,1
duo push app,303,3985,7.6%,2.77
duo telephony credits,302,502,60.16%,1.93
duo mfa pricing,298,1627,18.32%,1.01
duo adfs,296,452,65.49%,1.07
due mobile,295,1693,17.42%,2.08
duo mfa login,295,688,42.88%,1.01
duo support desk,295,481,61.33%,1
duo user login,293,508,57.68%,1.18
duo movile,288,2110,13.65%,2.41
duo security admin login,288,675,42.67%,1.72
duo authentication for windows logon installer,288,628,45.86%,1.06
duo mobile mac,288,481,59.88%,1.02
how to turn off 2-step verification without signing in,287,14831,1.94%,8.39
duo mobile it help desk,286,679,42.12%,1.08
duo entra id,277,413,67.07%,1
due win login,276,4215,6.55%,3.55
duo client download,276,474,58.23%,1
duo for windows logon,274,434,63.13%,1
duo for desktop,273,526,51.9%,1.01
duo tokens,272,869,31.3%,1
two-factor authentication,269,40754,0.66%,6.16
admin.duo security com/login,269,1190,22.61%,2.02
duo mobile account,269,457,58.86%,1
duo fortigate ssl vpn,269,402,66.92%,1
duo verification,268,1250,21.44%,1.01
duo portal login,268,969,27.66%,2.07
duo admin log in,268,363,73.83%,1.9
download duo mobile,267,1399,19.09%,2.63
duo mobile windows,266,440,60.45%,1.04
admin.duo,265,577,45.93%,1.19
duo authentication methods,265,516,51.36%,1.04
duo help,263,990,26.57%,1.44
bluetooth speaker hack,263,969,27.14%,4.11
duo partner portal,263,470,55.96%,1
authenticator app,262,30384,0.86%,19.61
duo price,261,1457,17.91%,2.5
cisco duo licensing,261,737,35.41%,1
duo online,260,3827,6.79%,3.94
duo security llc,260,983,26.45%,1.02
duo mobile app for windows,260,544,47.79%,1.01
ciscoduo,259,953,27.18%,2.19
duo admin roles,256,354,72.32%,1
duo customer service,255,1341,19.02%,2.11
duo msp,254,610,41.64%,1
duo api documentation,254,463,54.86%,1
duo fob,253,938,26.97%,1
bluetooth hack app,252,969,26.01%,3
duo windows logon download,252,341,73.9%,1
instagram activation code for duo mobile,250,526,47.53%,1.06
cisco duo free,249,631,39.46%,1.02
duo mobile for windows,249,442,56.33%,1.32
duo installer download,249,399,62.41%,1.03
cve-2024-6409,248,7333,3.38%,6.26
duo desktop installer,247,361,68.42%,1.01
duo key fob,246,703,34.99%,1
2f authentication,245,3135,7.81%,2.02
duo cost,245,919,26.66%,1.08
duo trust monitor,244,340,71.76%,1.11
cisco duo authentication proxy,242,439,55.13%,1
duo oidc,242,417,58.03%,1
login duo,240,1160,20.69%,3.61
duo bypass code,239,2474,9.66%,2.85
cisco duo sso,239,775,30.84%,1.07
duo desktop mac,239,444,53.83%,1.01
what is duo security,238,2431,9.79%,1.63
duo passwordless windows login,237,643,36.86%,1.31
verified duo push,237,418,56.7%,1.01
duo mobile app for android,236,6477,3.64%,3.76
duo mobile.com,236,757,31.18%,1.63
duo identity intelligence,234,315,74.29%,1.02
duo policy,233,373,62.47%,1
bluetooth hacking,231,3948,5.85%,8.78
duo linux,230,449,51.22%,1
duo app for windows,229,522,43.87%,1
cisco duo essentials,225,532,42.29%,1.04
cisco duo price,224,956,23.43%,1.02
cisco duo sunglasses,224,522,42.91%,1.02
duo password manager,224,516,43.41%,1.01
duo editions,224,506,44.27%,1.05
duo ldap,224,347,64.55%,1
what is duo mobile,223,11805,1.89%,1.64
duo passcode,223,794,28.09%,1.29
login duo mobile,223,359,62.12%,1.1
duo moble,222,973,22.82%,1.83
bluetooth hacking app,222,783,28.35%,2.46
duo security desktop app,222,340,65.29%,1
cisco duo windows login,221,344,64.24%,1
duo security pricing,220,779,28.24%,1.39
duo windows app,219,336,65.18%,1.02
2 fa,218,22347,0.98%,9.63
duo security sign in,218,293,74.4%,1.03
mfa fatigue,217,10980,1.98%,6.34
plain proxy,216,132459,0.16%,7.61
admin duo login,216,717,30.13%,1.95
duo control panel,215,815,26.38%,1.26
duo auth proxy release notes,215,318,67.61%,1
cisco duo api,215,317,67.82%,1
install duo desktop,214,309,69.26%,1.01
duo app login,213,365,58.36%,1.03
duo radius server,213,352,60.51%,1
duo active directory sync,211,343,61.52%,1
duo web,210,2513,8.36%,2.84
duo jobs,209,937,22.31%,2.16
duo support phone number,208,1206,17.25%,2.35
azure outage,207,5758,3.59%,8.29
mobile duo,207,1509,13.72%,2.39
duo for pc,207,1402,14.76%,1.66
"duo security, inc.",207,962,21.52%,1.01
mfa token,206,5680,3.63%,2.97
hack bluetooth,206,1757,11.72%,6.43
duo central login,205,310,66.13%,1
duo macos,204,356,57.3%,1
duo ldap proxy,202,311,64.95%,1
duo two factor,200,830,24.1%,1.02
cisco duo passport,200,277,72.2%,1
google account recovery without phone number,197,10901,1.81%,10.2
duo help desk,197,537,36.69%,1.08
duo authentication login,197,396,49.75%,1.14
duo mobile passcode,196,602,32.56%,1.27
duo license,196,574,34.15%,1.03
duo mobile web,196,317,61.83%,1
duo administrator,195,416,46.88%,1.15
duo owa,195,362,53.87%,1.08
fido2 webauthn,194,4656,4.17%,4.17
duo concentrix,194,948,20.46%,3.79
duo mobile contact support,193,335,57.61%,1.09
duo release notes,192,464,41.38%,1.06
duo-win-login,192,366,52.46%,1
duo desktop authentication,192,342,56.14%,1.01
duo microsoft 365,191,382,50%,1.01
cisco identity intelligence,190,2552,7.45%,6.49
duo security for windows,190,340,55.88%,1.01
duo security authentication proxy,189,726,26.03%,1
cisco duo installation guide,189,271,69.74%,1.04
duo pc,188,901,20.87%,2.84
download duo authentication proxy,188,260,72.31%,1
duo application,187,2818,6.64%,3.18
cisco duo license,187,654,28.59%,1.04
duomobile login,187,315,59.37%,1.1
duo mobile activation code,186,4020,4.63%,5.09
duo install,185,7868,2.35%,8.56
duo blog,185,476,38.87%,1.38
acme duo enrollment,185,275,67.27%,1
duo web sdk,183,396,46.21%,1
admin api duo,182,310,58.71%,1
duo care,181,1977,9.16%,3.34
duo authentication for windows logon x64 download,181,304,59.54%,1
duo agent download,181,262,69.08%,1.02
bluetooth hacker,179,1959,9.14%,6.77
duo amdin,179,326,54.91%,1.17
duo gateway,179,301,59.47%,1.01
duo security it help desk,177,513,34.5%,1.02
duo.com login,177,452,39.16%,1.32
cisco identity intelligence duo,177,243,72.84%,1.01
duo idp,176,723,24.34%,1.17
duo security support,176,243,72.43%,1
duo secuirty,174,412,42.23%,1
duo passkeys,174,395,44.05%,1.03
duo winlogon,174,229,75.98%,1
duo software,173,1914,9.04%,1.42
duo mobile تسجيل الدخول,173,768,22.53%,2.36
duo netscaler,173,265,65.28%,1
duo mobile suporte,172,214,80.37%,1
crxcavator,171,5037,3.39%,3.49
duo console,171,561,30.48%,1.59
activation code instagram duo mobile,171,334,51.2%,1.03
duo authentication download,171,321,53.27%,1.23
duo cisco login,170,460,36.96%,1.14
duo passkey,170,392,43.37%,1.01
cisco duo documentation,170,299,56.86%,1
duo mobile authenticator,168,1546,10.87%,2.45
duo student login,168,300,56%,1.22
duo on mac,168,299,56.19%,1.05
cisco duo rdp,168,292,57.53%,1.01
duo desktop download mac,167,230,72.61%,1
duo mobile security,166,1090,15.23%,1.91
cisco duo desktop app,165,260,63.46%,1
duo enrollment concentrix,164,579,28.32%,1.37
duo mobile entrar,164,259,63.32%,1
duo rd gateway,163,311,52.41%,1
duo external authentication method,163,239,68.2%,1.05
duo security enrollment,162,691,23.44%,1.73
duologin,161,811,19.85%,1.25
duodesktop,161,365,44.11%,1
duo linux install,161,230,70%,1
super bluetooth hack,160,1326,12.07%,4.22
duo security.com,160,413,38.74%,1
cisco duo yubikey,160,256,62.5%,1.07
duo mfa windows login,159,399,39.85%,1
cisco due,158,536,29.48%,1.44
duo com,156,972,16.05%,1.03
is duo free,156,855,18.25%,1.87
trusted endpoints duo,156,220,70.91%,1
duo mac install,156,216,72.22%,1
enroll in duo,155,967,16.03%,2.24
duo app for mac,155,319,48.59%,1
cisco duo proxy,155,259,59.85%,1
duo sec,152,615,24.72%,1.02
how to get bypass code for duo,151,1205,12.53%,2.55
duo identity management,151,417,36.21%,1.08
duo for windows login,151,225,67.11%,1
duo mobile authenticator app,150,1711,8.77%,2.51
cisco duo datasheet,150,1460,10.27%,4.11
duo authentication for windows logon x64,150,324,46.3%,1
duo security api,150,223,67.26%,1
duo security.,149,325,45.85%,1
duo health app,149,256,58.2%,1.01
2fa duo,148,499,29.66%,1.01
duo security download windows,148,237,62.45%,1
duo hardware tokens,147,598,24.58%,1.83
cisco duo desktop,147,255,57.65%,1.01
duo access,146,1394,10.47%,1.19
duo device trust,146,393,37.15%,1.03
duo mfa app,145,817,17.75%,1.96
duo conditional access,145,293,49.49%,1
uuid size,144,6443,2.23%,3.81
duo mobile giriş,144,1301,11.07%,4.41
duo ssh,144,273,52.75%,1
fortigate duo mfa,143,206,69.42%,1
duo push notification,142,541,26.25%,1
duo palo alto global protect,142,186,76.34%,1.01
duo transfer to new phone,141,1041,13.54%,3.02
no-reply@duosecurity.com,141,350,40.29%,1
duo msp login,141,270,52.22%,1.15
duo 2 factor authentication,140,668,20.96%,1
duo plans,140,422,33.18%,1.15
duo saml authentication,140,216,64.81%,1
duo authproxy,140,186,75.27%,1.01
duo office 365,139,268,51.87%,1
duocentral,139,253,54.94%,1.03
duo device health download,139,242,57.44%,1
cisco duo radius,139,233,59.66%,1
login to duo mobile,139,188,73.94%,1.01
cisco duo advantage,138,308,44.81%,1.01
dúo mobile,137,1674,8.18%,2.99
duo admin sign in,137,231,59.31%,1.44
cisco duo passwordless,137,215,63.72%,1.01
duo security mac,137,213,64.32%,1.09
two-factor authentication (2fa),136,3183,4.27%,4.06
duo packages,136,407,33.42%,1.05
login to duo,136,278,48.92%,1.72
cisco duo saml,136,251,54.18%,1.29
duo mobile soporte,136,161,84.47%,1
it help desk duo mobile,135,453,29.8%,1
duo integration key,135,259,52.12%,1
cisco duo network gateway,135,194,69.59%,1.01
duo otp,134,599,22.37%,1.05
duo fedramp,134,267,50.19%,1.2
dup admin,134,209,64.11%,1.19
duo windows rdp,134,206,65.05%,1
duo citrix netscaler,134,186,72.04%,1.1
duo geo blocking,134,176,76.14%,1.03
duo partner,133,2611,5.09%,2.54
duo mobile website,133,268,49.63%,1
duo logon,133,254,52.36%,1.18
duo mobile instagram activation code,132,354,37.29%,1.31
duo self enrollment,132,345,38.26%,1.68
install duo on pc,132,220,60%,1.01
duo radius proxy,132,219,60.27%,1
duo zero trust,131,735,17.82%,1.01
duo mobile authentication,131,730,17.95%,1.65
duo remote desktop,131,404,32.43%,1
two-factor authenticator,130,1144,11.36%,3.7
duo premier,130,427,30.44%,1.45
duo',129,3167,4.07%,1.7
mfa.ohio gov,129,740,17.43%,3.75
duo 認証,129,270,47.78%,1.47
duo mobile download windows,129,195,66.15%,1
duo security windows,129,194,66.49%,1.01
windows update,128,6614,1.94%,3.01
duo 2 factor,128,679,18.85%,1.11
cisco duo cost,128,288,44.44%,1.11
duo windows client,128,181,70.72%,1
duoauthproxy,127,250,50.8%,1
what is an authenticator app,126,24754,0.51%,7.4
duo licenses,126,365,34.52%,1
duo administration,126,308,40.91%,1
duo logs,126,302,41.72%,1
duo security help,126,202,62.38%,1
dou admin,126,191,65.97%,1.29
duo remote desktop gateway,125,270,46.3%,1
duomobil,124,700,17.71%,2.67
duo mobile phone number,124,479,25.89%,2.64
duo webauthn,124,218,56.88%,1
duo security authentication proxy download,124,166,74.7%,1
duo.com admin,124,153,81.05%,1
mfa,123,178309,0.07%,10.72
duo multifactor authentication,123,471,26.11%,1
duo security ann arbor,123,361,34.07%,2.14
duo for rdp,123,319,38.56%,1.01
duo proxy server,123,264,46.59%,1
duo api hostname,123,200,61.5%,1
duo for linux,123,185,66.49%,1
duo microsoft eam,123,167,73.65%,1.01
bypass code duo,122,1439,8.48%,3.04
webauthn vs fido2,122,711,17.16%,2.21
meraki duo,122,479,25.47%,2.27
duo security mfa,122,453,26.93%,1.07
duo monile,121,930,13.01%,2.45
dou login,121,425,28.47%,3.42
duo self service,121,293,41.3%,1.31
duo security log in,120,241,49.79%,1.1
duo.admin,120,202,59.41%,1.25
duo cii,120,187,64.17%,1.41
duo proxy configuration,120,172,69.77%,1.01
duo sdk,120,169,71.01%,1
duo authentication proxy release notes,120,158,75.95%,1
two factor authenticator,119,2014,5.91%,3.22
duo beyond,119,950,12.53%,1.32
bluetooth hacking tools,119,853,13.95%,1.89
duo azure ad,119,393,30.28%,1.04
duo pam,119,238,50%,1.04
novel asn,119,210,56.67%,1.01
duo proxy release notes,119,146,81.51%,1
duo dap,118,1553,7.6%,1.52
due security,118,317,37.22%,1.03
log into duo,118,162,72.84%,1.09
duoapp,117,1150,10.17%,3.6
duo set up,117,600,19.5%,1.88
cisco dou,117,288,40.62%,1.48
duo authentication proxy manager,117,234,50%,1
duo number matching,117,231,50.65%,1.3
duo security cisco,116,1599,7.25%,1.49
install duo,116,1453,7.98%,3.57
dup mobile,116,903,12.85%,2.27
duo websdk,116,144,80.56%,1.01
gmail phishing link,115,1548,7.43%,11.9
duo security remote jobs,115,181,63.54%,1.01
duo auth proxy reference,115,159,72.33%,1
duo m365,115,146,78.77%,1
cve-2024-6235,114,1801,6.33%,7.07
sso duo,114,449,25.39%,1.34
citrix duo,114,227,50.22%,1.01
add yubikey to duo,114,178,64.04%,1.01
acme duo security,114,158,72.15%,1
duo mac download,114,150,76%,1
duo generic saml,114,145,78.62%,1
google duo,113,62301,0.18%,14.63
cisco duo hardware token,113,449,25.17%,1.91
cisco ise duo integration,113,244,46.31%,1.37
cisco duo mobile app,112,1386,8.08%,2.67
duo hack,112,813,13.78%,2.79
duo meraki vpn,112,193,58.03%,1
duo fortinet,112,157,71.34%,1.02
duo health,111,3035,3.66%,5.37
duo phone number,111,2274,4.88%,4.52
noise protocol,111,2230,4.98%,2.84
duo free trial,111,507,21.89%,1.77
duo openvpn,111,187,59.36%,1
duo roles,111,185,60%,1
duo versions,110,252,43.65%,1.03
duo desktop install,110,142,77.46%,1.01
cisco duo vpn,109,229,47.6%,1.12
duo vpn download,109,192,56.77%,1.41
cisco duo token,108,590,18.31%,1.05
cisco duo tokens,108,269,40.15%,1.02
duo security passkey,108,254,42.52%,1.06
duo rds gateway,108,163,66.26%,1
duo for macos,108,162,66.67%,1.01
duo checksums,108,122,88.52%,1
duo device management,107,199,53.77%,1
duo security setup,107,196,54.59%,1.02
cisco duo packages,107,167,64.07%,1
duo customer support,107,160,66.88%,1.84
duo mobile pc download,107,157,68.15%,1.11
is duo mobile free,106,669,15.84%,2.34
mfa.ascension.org,106,558,19%,4.26
cisco duo on premise,106,390,27.18%,1.01
duo admin panel login,106,378,28.04%,2.08
instagram duo mobile activation code,106,277,38.27%,1.19
duo authentication for windows,106,255,41.57%,1.02
contact duo support,106,147,72.11%,1.08
duo add admin user,106,137,77.37%,1.01
duo cisco identity intelligence,106,130,81.54%,1.01
duo windows login download,106,123,86.18%,1
auth proxy duo,105,181,58.01%,1.01
duo enrollment login,105,146,71.92%,1
duo mobile app login,105,145,72.41%,1
duo google workspace,105,141,74.47%,1.01
google duo login,104,5326,1.95%,5.74
xxxxxxxxxxxxxxxxxxxxxxxxxxxxxxxxxxxxxxxx,104,3587,2.9%,29.12
okta duo,104,352,29.55%,1.2
duo remote access,104,318,32.7%,1
duo security free,104,278,37.41%,1.04
download duo authentication for windows logon,104,125,83.2%,1
duo mdm,103,241,42.74%,1.12
duo security for mac,103,171,60.23%,1
support@duo.com,103,130,79.23%,1.08
duo desktop release notes,103,129,79.84%,1
duo oauth,102,179,56.98%,1
duo security windows download,102,131,77.86%,1
change healthcare parent organizations,101,4426,2.28%,9
duo mobile instagram,100,3549,2.82%,8.13
duo sso login,100,179,55.87%,1
how to get activation code for duo mobile,99,1246,7.95%,2.37
cisco duo portal,99,235,42.13%,1.29
duo .com,99,231,42.86%,1
duo dashboard login,98,238,41.18%,1.7
duo dongle,98,229,42.79%,1.07
dou security,98,199,49.25%,1.06
duo mobile on mac,98,166,59.04%,1
contact duo mobile,98,160,61.25%,1.16
how to get a bypass code for duo,97,733,13.23%,2.38
cisco dup,97,482,20.12%,1.6
duo subscription,97,389,24.94%,1.01
it help desk duo,97,354,27.4%,1
transfer duo accounts to new phone,97,217,44.7%,1.51
duo tiers,97,160,60.62%,1
duo policies,97,148,65.54%,1
duo proxy radius,97,137,70.8%,1
duo mobile cost,97,118,82.2%,1
duo mobile careers,97,112,86.61%,1
duo mobile free,96,289,33.22%,1.66
duo okta,96,252,38.1%,1.17
duo log sync,96,244,39.34%,1.88
duo.admin.login,96,203,47.29%,1.91
duo palo alto,96,175,54.86%,1
duo download for pc,96,163,58.9%,1.23
duo resend enrollment email,96,124,77.42%,1
dng duo,96,123,78.05%,1.09
duo company,95,1122,8.47%,2.64
bypass paypal,95,521,18.23%,1.53
1password duo,95,298,31.88%,1.51
download duo rdp,95,118,80.51%,1
authentication proxy,94,1101,8.54%,2.2
gmail phishing links,94,968,9.71%,8.35
duo win game login,94,242,38.84%,1.13
duo app install,93,5840,1.59%,4.13
duo registration,93,456,20.39%,2.31
duo two-factor authentication,93,344,27.03%,1.01
duo authentication for windows logon and rdp,93,210,44.29%,1
how to get instagram activation code for duo mobile,93,195,47.69%,1.04
duo mfa download,93,149,62.42%,1.03
duo acme,93,144,64.58%,1
fortigate duo,93,137,67.88%,1
duo desktop for mac,93,132,70.45%,1
free mfa,92,1008,9.13%,3.11
how to enroll in duo,92,986,9.33%,2.86
duo cloud,92,342,26.9%,1.08
instagram duo activation code,92,236,38.98%,1.24
duo mfa cost,92,166,55.42%,1.22
duo mobile api,92,134,68.66%,1
duo trusted endpoint,92,120,76.67%,1
duo authentication proxy manager download,92,116,79.31%,1
duo logo,91,5003,1.82%,3.19
app duo,91,4123,2.21%,4.92
bypass google account,91,2519,3.61%,28.41
duo mobile 機種変更,91,1183,7.69%,6.24
duo v2,91,280,32.5%,1.6
portal duo,91,256,35.55%,1.6
duo for laptop,91,186,48.92%,1.33
duo 2fa login,91,136,66.91%,1
duo mobile online login,91,108,84.26%,1
duo trial,90,1067,8.43%,1.91
kaminsky attack,90,922,9.76%,2.96
cisco duo admin panel,90,182,49.45%,1.12
duo mobile desktop app,90,152,59.21%,1
duo mobile for desktop,90,148,60.81%,1
duo activation code,89,2780,3.2%,4.49
duo mobile cisco,89,483,18.43%,1.73
yubikey aes,89,355,25.07%,1.15
paypal 2fa bypass,89,297,29.97%,1.48
vpn duo,89,264,33.71%,1.08
create duo account,89,166,53.61%,1.01
duo citrix,89,141,63.12%,1
duo app windows,89,139,64.03%,1.01
duo gpo,89,119,74.79%,1.02
beer drinker's guide to saml,89,107,83.18%,1
duo.,88,5732,1.54%,4.08
2fa.com,88,5617,1.57%,7.09
download duo app,88,1729,5.09%,2.45
norton healthcare.login.duo security/devices,88,897,9.81%,2.82
duo passwordless authentication,88,206,42.72%,1
duo phishing resistant mfa,88,138,63.77%,1.01
download duo security,88,138,63.77%,1.21
download duo mobile for windows,88,137,64.23%,1.18
rdp duo,88,129,68.22%,1
beer drinkers guide to saml,88,118,74.58%,1
passwordless duo,88,115,76.52%,1.02
web authentication,87,7594,1.15%,7.03
duo integration,87,605,14.38%,2.43
duo chrome extension,87,363,23.97%,3.43
duo labs,87,209,41.63%,1.12
duo yubikey setup,87,108,80.56%,1
soporte duo mobile,87,100,87%,1
azure,86,10361,0.83%,4.93
dou app,86,1627,5.29%,3.53
que es duo mobile,86,1169,7.36%,1.22
duo factor,86,383,22.45%,1.4
duosecurity login,86,192,44.79%,1.64
duo identity management page,86,137,62.77%,1
cisco duo careers,86,115,74.78%,1
duo for owa,86,109,78.9%,1.01
duo security mobile app,85,894,9.51%,2.32
hack bluetooth speaker,85,831,10.23%,9.35
what is web authentication,85,442,19.23%,1.87
duo fortigate,85,362,23.48%,1
bt hack,85,307,27.69%,2.43
2factor code,85,300,28.33%,2.22
yubikey with duo,85,184,46.2%,1.01
duo latest version,85,158,53.8%,1.42
duo mobile on pc,85,135,62.96%,1.02
duo tech support,85,123,69.11%,1.02
download duo for mac,85,120,70.83%,1
cisco duo download for windows,85,118,72.03%,1
duo desktop login,85,116,73.28%,1
cisco duo fortigate,85,115,73.91%,1.01
duo mobile transfer to new phone,84,1247,6.74%,4.43
duo mobile คือ,84,1036,8.11%,2.49
duo fido2,84,268,31.34%,2.06
cisco duo dashboard,84,214,39.25%,1.81
duo administrator login,84,156,53.85%,1.79
duo self service password reset,84,126,66.67%,1.03
duo proxy install,84,106,79.25%,1
risk based authentication duo,84,104,80.77%,1
duo windows logon installer,84,100,84%,1.24
2fa.,83,4883,1.7%,7.44
doumobile,83,293,28.33%,1.69
cisco duo setup,83,210,39.52%,1.06
support duo,83,167,49.7%,1.02
cisco duo linux,83,156,53.21%,1
duo installation guide,83,141,58.87%,1.04
duo sso azure ad,83,111,74.77%,1.05
cisco duo dng,83,105,79.05%,1.1
download duo proxy,83,100,83%,1
duo mibile,82,370,22.16%,2.14
how to bypass paypal 2fa,82,269,30.48%,1.59
duo mobile 2fa,82,171,47.95%,1.39
admin duo security,82,159,51.57%,1.23
duo security rdp,82,149,55.03%,1.01
duo rdp installer,82,112,73.21%,1
duo key,81,1341,6.04%,3.59
multiblue dongle,81,903,8.97%,4.82
duo anyconnect,81,196,41.33%,1.07
duo ldaps,81,164,49.39%,1
cisco duo transfer to new phone,81,145,55.86%,1.73
duo mfa options,81,118,68.64%,1
duo mobile pricing,81,113,71.68%,1
cisco duo entra id,81,112,72.32%,1
duo signin,81,108,75%,1.17
cisco duo identity intelligence,81,107,75.7%,1.01
duo mobile web login,81,94,86.17%,1
how to hack bluetooth speaker,80,618,12.94%,5.37
paypal bypass,80,464,17.24%,1.58
instagram activation code duo,80,356,22.47%,1.45
duo mobile enrollment,80,246,32.52%,1.78
duo client,80,192,41.67%,1
duo self-service portal,80,151,52.98%,1.01
duomfa,80,144,55.56%,1.01
duo sso setup,80,121,66.12%,1.03
duo migrate to new phone,80,120,66.67%,1.57
duo app mac,80,116,68.97%,1
install duo on mac,80,108,74.07%,1
duo desktop linux,80,103,77.67%,1
duo admin security,80,97,82.47%,1.13
duo dag,79,282,28.01%,2.86
duo authenticator app for windows,79,170,46.47%,1.18
cisco duo configuration guide,79,126,62.7%,1.01
duo rdweb,79,107,73.83%,1
duo desktop download windows,79,96,82.29%,1
download duo auth proxy,79,88,89.77%,1
duo multifactor,78,712,10.96%,1.09
duo manage devices,78,387,20.16%,2.03
install duo mobile,78,317,24.61%,2.59
duo-essentials,78,214,36.45%,1.05
duo ann arbor,78,187,41.71%,2.11
duo mobile activation code instagram,78,150,52%,1.1
cisco duo deployment guide,78,128,60.94%,1.01
duo mac app,78,121,64.46%,1.45
duo authentication proxy configuration,78,103,75.73%,1.01
duo microsoft rdp,78,101,77.23%,1
cisco duo authentication proxy download,78,91,85.71%,1
duo business,77,583,13.21%,1.77
duo offline access,77,470,16.38%,2.55
snowflake duo,77,405,19.01%,2.28
"duo,com",77,199,38.69%,1
duo secruity,77,138,55.8%,1
verified push duo,77,118,65.25%,1
duo for mac download,77,114,67.54%,1
duo for office 365,77,110,70%,1
it admin duo mobile,77,106,72.64%,1.01
duo security token,76,369,20.6%,1.13
cisco duo admin portal,76,362,20.99%,1.95
blutooth hack,76,238,31.93%,3.39
duo admin page,76,184,41.3%,1.01
duo desktop security agent not running,76,150,50.67%,1.49
duo online login,76,136,55.88%,1.35
duo download mac,76,119,63.87%,1
duo new user policy,76,92,82.61%,1
dua mobile,75,702,10.68%,2.69
duo essentials vs advantage,75,454,16.52%,2.48
duoadmin login,75,140,53.57%,1.89
duo login online,75,133,56.39%,1.27
duo globalprotect,75,101,74.26%,1.01
duo auth proxy config,75,100,75%,1
identity security,74,9918,0.75%,8.67
dual authentication,74,6617,1.12%,3.09
duo mo,74,1219,6.07%,3.12
what is identity security,74,1043,7.09%,3.72
duofree,74,852,8.69%,2.06
secured by duo,74,243,30.45%,1.02
microsoft duo authentication,74,225,32.89%,1.29
duo agent,74,177,41.81%,1.03
duo mobile contact,74,171,43.27%,2.12
duo integrations,74,154,48.05%,1.48
cisco anyconnect duo,74,139,53.24%,1.06
duowindowslogon64.msi,74,119,62.18%,1
duo technical support,74,98,75.51%,1
duo workstation installer,74,96,77.08%,1
duo mobile下载,73,795,9.18%,4.47
gmail phishing links free,73,402,18.16%,6.26
duo mobie,73,321,22.74%,1.91
duo enroll,73,300,24.33%,1.84
duo fail open,73,233,31.33%,2.17
duo mobiel,73,224,32.59%,1.88
duo mobile push,73,154,47.4%,1.01
duo mfa free,73,136,53.68%,1
duo account setup,73,134,54.48%,1.02
duo mobile device management,73,129,56.59%,1.04
duo admin',73,113,64.6%,1.12
duo msi download,73,108,67.59%,1
duo office 365 setup,73,99,73.74%,1.01
duo encrypt config file,73,99,73.74%,1.15
eddsa,72,8999,0.8%,6.37
what is duo app,72,3330,2.16%,3.16
duo d-100,72,421,17.1%,1.04
bluetooth hacking device,72,361,19.94%,3.33
duo 2fa app,72,338,21.3%,1.76
duo on laptop,72,199,36.18%,2.45
pam duo,72,131,54.96%,1.02
cisco duo for windows,72,111,64.86%,1
download cisco duo,72,109,66.06%,1.12
duo download for windows,72,92,78.26%,1
passwordless,71,25339,0.28%,7.68
2fa code,71,9598,0.74%,14.45
free duo,71,542,13.1%,1.99
duo web login,71,496,14.31%,1.79
duo microsoft authenticator,71,173,41.04%,1.03
palo alto duo,71,133,53.38%,1
download duo windows,71,115,61.74%,1
duo mobile support chat,71,109,65.14%,1.01
duo splunk,71,94,75.53%,1.02
duo mobile download for pc,71,93,76.34%,1.26
enable verified access,70,940,7.45%,2.08
cisco duo authentication,70,401,17.46%,1.27
duo registry keys,70,306,22.88%,2.26
duo security yubikey,70,275,25.45%,1.02
duo iam,70,183,38.25%,1.43
duo msi installer,70,172,40.7%,1.92
pam_duo,70,147,47.62%,1
duo mobile help desk,70,140,50%,1
cisco duo premier,70,114,61.4%,1.02
duo two factor authentication login,70,114,61.4%,1.02
security agent not running duo,70,109,64.22%,1.15
dua admin,70,105,66.67%,1.19
eam duo,70,102,68.63%,1
duo prompt login,70,100,70%,1.14
duo 1password,70,98,71.43%,1.14
duo admin portal login,69,211,32.7%,1.98
concentrix duo,69,195,35.38%,4.12
duo enrollment email,69,163,42.33%,1.36
duo azure,69,144,47.92%,1
radius duo,69,135,51.11%,1.01
duo windows authentication,69,97,71.13%,1.01
duo free account,69,93,74.19%,1
cisco duo auth proxy,69,92,75%,1
duo rba,69,85,81.18%,1
cisco duo proxy download,69,76,90.79%,1
duo it,68,669,10.16%,2.58
palo alto duo mfa setup,68,187,36.36%,2.02
openvpn duo,68,123,55.28%,1.03
duo desktop mfa,68,112,60.71%,1
duo securit,68,107,63.55%,1
duo security agent not running,68,103,66.02%,1.3
adfs duo,68,98,69.39%,1
duo o365,68,93,73.12%,1
duo with yubikey,68,91,74.73%,1
duo workday,68,90,75.56%,1
duo send enrollment email,68,86,79.07%,1
duo trusted devices,68,82,82.93%,1.01
duo login download,68,76,89.47%,1
dual factor authentication,67,5653,1.19%,2.67
duohack. com,67,5346,1.25%,5.3
cve-2024-7593,67,1025,6.54%,7.19
duo factor authentication,67,966,6.94%,1.34
duo meraki,67,199,33.67%,2.06
duo on pc,67,188,35.64%,2.25
duo authorized networks,67,170,39.41%,1.01
duo and yubikey,67,140,47.86%,1
duo health check,67,110,60.91%,1
muted due to previous user-marked fraud,67,105,63.81%,1
ise duo integration,67,98,68.37%,1.16
cisco duo single sign on,67,87,77.01%,1
2fa.auth,66,2579,2.56%,6.54
how to set up duo,66,1270,5.2%,3.76
what is duo push,66,388,17.01%,1.09
8t0mmehbxdbmhncgqerj-yxbpltu5mmiwnjljlmr1b3nly3vyaxr5lmnvbq,66,186,35.48%,1
duoportal,66,176,37.5%,1.06
yubikey and duo,66,152,43.42%,1.05
saml duo,66,122,54.1%,1.07
cisco duo essentials edition,66,121,54.55%,1.01
duo mfa for windows,66,111,59.46%,1
duo group policy,66,102,64.71%,1
duo it admin,66,85,77.65%,1.02
duo mobile とは,65,526,12.36%,1.45
duo mobilr,65,312,20.83%,2.11
duo ztna,65,193,33.68%,1.11
duo digipass,65,189,34.39%,1.08
duo secure,65,137,47.45%,1.03
duo security device management,65,110,59.09%,1
duo sync,65,110,59.09%,1.05
duo software download,65,105,61.9%,1
duo admin login portal,65,102,63.73%,1.75
duo proxy setup,65,98,66.33%,1.01
cisco duo free 10 users,65,86,75.58%,1
ttps //mfa.ascension.org/faq,64,285,22.46%,3.95
duo security app for pc,64,127,50.39%,1.14
set up duo account,64,124,51.61%,1.25
duo free tier,64,106,60.38%,1
duo authentication for remote desktop gateway,64,101,63.37%,1
duo azure ad sync,64,99,64.65%,1.03
duo rds,64,98,65.31%,1
what is duo passport,64,74,86.49%,1
microsoft recall,63,4378,1.44%,20.37
how to check apps linked with phone number,63,3226,1.95%,9.43
duo],63,2655,2.37%,2.46
instagram duo mobile,63,474,13.29%,5.06
duo codes,63,444,14.19%,1.24
2fac authentication,63,395,15.95%,3.22
cisco duo trial,63,371,16.98%,1.67
cisco duo 2fa,63,349,18.05%,1.03
duo for mfa,63,294,21.43%,1
duo security sso,63,218,28.9%,1.03
duo configuration,63,115,54.78%,1
duo mobile passcodes,63,111,56.76%,1.01
duo cost per user,63,110,57.27%,1
duo create account,63,99,63.64%,1.02
support@duosecurity.com,63,93,67.74%,1
duo ise integration,63,92,68.48%,1.13
duo desktop client,63,84,75%,1
duo add yubikey,63,82,76.83%,1
microsoft eam duo,63,79,79.75%,1
microsoft azure outage,62,2747,2.26%,16.02
app duo mobile,62,1355,4.58%,3.59
2 factor authenticator,62,1116,5.56%,3.93
mobile duo app,62,413,15.01%,2.89
cisco dua,62,145,42.76%,1.32
duo for personal use,62,124,50%,1.02
duo 365,62,123,50.41%,1.01
duo mobile app for windows 10,62,114,54.39%,1.03
dup security,62,109,56.88%,1
cisco duo active directory,62,98,63.27%,1.07
duo api key,62,84,73.81%,1
duo authentication options,62,76,81.58%,1.03
cisco duo desktop download,62,73,84.93%,1
dou win,61,789,7.73%,4.17
duo bypass,61,604,10.1%,3.23
duo support number,61,395,15.44%,2.14
duo extension,61,337,18.1%,3.54
duo-token,61,305,20%,1.06
google duo authentication,61,258,23.64%,2.71
duo push download,61,177,34.46%,1.71
duo admin dashboard,61,139,43.88%,1.12
duo mfa rdp,61,112,54.46%,1
duo sso saml,61,111,54.95%,1.01
duo セキュリティ,61,108,56.48%,1
duo proxy authentication,61,84,72.62%,1
acme corp account,61,78,78.21%,1.08
duo security pc,61,77,79.22%,1
setup duo for windows login,61,77,79.22%,1.01
duo mobile customer support,61,73,83.56%,1
microsoft update,60,2414,2.49%,1.37
duo mobile app for android - download,60,744,8.06%,2.99
ubertooth one alternative,60,315,19.05%,1.97
duo doc,60,130,46.15%,1.36
duo app pc,60,96,62.5%,1.31
duo authentication proxy setup,60,92,65.22%,1
download duo app for windows,60,87,68.97%,1
duo user portal,60,73,82.19%,1
duo mobile student login,60,70,85.71%,1.01
duo sign up,59,551,10.71%,2.69
duo mobile bypass code,59,426,13.85%,3.09
duo2fa,59,146,40.41%,1.08
duo mobile number,59,139,42.45%,1.68
duo license cost,59,127,46.46%,1.13
dup login,59,116,50.86%,1.17
duo identity,59,113,52.21%,1.01
duo secutiry,59,104,56.73%,1
duo mobile registration,59,86,68.6%,1.64
duo authentication desktop app,59,84,70.24%,1
login duo security,59,82,71.95%,1.5
what is authenticator app,58,23305,0.25%,7.74
authentication app,58,13312,0.44%,15.98
two factor,58,8883,0.65%,7.52
cve-2024-6286,58,2345,2.47%,7.18
eldorado ransomware,58,1150,5.04%,5.93
saml for dummies,58,297,19.53%,2.83
duo reseller,58,121,47.93%,1
concentrix duo qr code,58,120,48.33%,1.09
cisco ise duo,58,106,54.72%,1.48
desktop duo,58,105,55.24%,1
duo pc app,58,92,63.04%,1.07
duo authentication for mac,58,74,78.38%,1.01
cisco duo windows,58,74,78.38%,1.07
duo mobile 使い方,57,708,8.05%,5.9
duo personal,57,245,23.27%,36.6
duo mobile two factor authentication,57,239,23.85%,1.02
acadian central duo login,57,183,31.15%,1.63
bluetooth speaker hack app,57,146,39.04%,2.69
duo identity provider,57,119,47.9%,1
duo bypass users,57,99,57.58%,1.08
acme duo setup,57,95,60%,1.03
duo windows agent,57,88,64.77%,1.01
duo intune,57,84,67.86%,1.06
duo salesforce,57,80,71.25%,1
duo app for desktop,57,74,77.03%,1
duo contact,56,35148,0.16%,9.43